control_id,risk_id,domain,title,description,owner,frequency,type,nature,key,population,attribute,procedure
ITGC-UA-01,R-01,User Access,New user access approval,Requests for new or modified (non-privileged) access to in-scope financial applications are submitted through the access request system and approved by the user's manager before the IT Access Management team provisions access. Provisioning without a recorded approver is not permitted.,IT Access Manager,As needed (per event),Preventive,IT-dependent manual,Yes,data/user_access_log.csv (non-privileged grants dated within FY2025),Grant has a recorded approver who is not the grantee.,Obtain the FY2025 access provisioning log; filter to non-privileged grants in period; confirm each grant carries an approver ID and that the approver is not the grantee.
ITGC-UA-02,R-02,User Access,Timely revocation of terminated users,"Upon notification of a separation, IT Access Management removes all application access for the terminated user within five (5) business days of the termination date.",IT Access Manager,As needed (per event),Preventive,IT-dependent manual,Yes,data/termination_log.csv joined to data/user_access_log.csv,Every grant held at the termination date ends within 5 business days after it.,Obtain the HR termination listing for FY2025 and the access log; for each terminated employee identify all grants active at the termination date; compute business days from termination to access end date; flag grants revoked after the SLA or still active at the as-of date.
ITGC-UA-03,R-02,User Access,HR separation notification,"HR Operations notifies IT Access Management of each separation via the HR system feed or ticket within one (1) business day of the termination date, triggering the revocation workflow.",HR Operations Manager,As needed (per event),Preventive,IT-dependent manual,No,data/termination_log.csv (terminations dated within FY2025),HR-notified date is no more than 1 business day after termination date.,For each FY2025 termination compute business days between the termination date and the HR-notified date; flag notifications later than 1 business day.
ITGC-UA-04,R-01,User Access,Quarterly user access review,"Each quarter, application owners review a system-generated listing of all user and privileged accounts for each in-scope application, certify appropriateness and request removal of inappropriate access. Reviews are completed within 30 days of quarter end.",Application Owner,Quarterly,Detective,Manual,Yes,data/access_reviews.csv (4 systems x 4 quarters),"Review completed, by an assigned reviewer, on or before the due date.","Obtain the FY2025 access review tracker; confirm a review exists for every system-quarter, that it was completed on or before the due date and that a reviewer is recorded."
ITGC-PA-01,R-03,Privileged Access,Privileged access authorization,"Privileged access (Administrator, Superuser, Database Administrator) is granted only upon a documented approval from the system owner in the privileged access approval register, matching the requested system and access level, and dated on or before the grant.",Information Security Manager,As needed (per event),Preventive,IT-dependent manual,Yes,data/user_access_log.csv (privileged grants in FY2025) vs data/privileged_access_approvals.csv,"Matching approval record (ticket, employee, system, access level) dated on/before the grant date.","Filter the access log to privileged access levels granted in FY2025; match each grant to the approval register by request ticket; confirm employee, system and access level agree and approval date <= grant date."
ITGC-PA-02,R-03,Privileged Access,Independent approval of privileged access,Approvers of privileged access requests must be independent of the requester; self-approval is prohibited and blocked by workflow configuration.,Information Security Manager,As needed (per event),Preventive,Automated,Yes,data/privileged_access_approvals.csv (approvals for FY2025 privileged grants),Approver ID differs from the employee receiving access.,"For each privileged approval record supporting an FY2025 grant, compare the approver ID to the grantee ID; flag self-approvals."
ITGC-CM-01,R-04,Change Management,Change approval prior to implementation,Normal and standard changes to in-scope applications are approved by the Change Advisory Board (CAB) prior to production implementation. Emergency changes may be implemented first but must be retrospectively approved within two (2) business days.,Change Manager,As needed (per event),Preventive,IT-dependent manual,Yes,data/change_log.csv (changes implemented in FY2025),Approver recorded; approval before implementation (emergency: within 2 BD after).,Obtain the FY2025 production change log; for each change confirm an approver and approval timestamp exist; for normal/standard changes confirm approval precedes implementation; for emergency changes confirm approval within 2 business days after implementation.
ITGC-CM-02,R-05,Change Management,Documented rollback plan,"Every production change record includes a documented back-out (rollback) plan, reviewed by the CAB as part of change approval.",Change Manager,As needed (per event),Preventive,Manual,No,data/change_log.csv (changes implemented in FY2025),Rollback plan field indicates a documented plan exists.,Normalize the rollback-plan indicator (Yes/Y/yes/No/N) and flag changes without a documented rollback plan.
ITGC-CM-03,R-04,Change Management,Segregation of duties in change approval,The individual approving a change cannot be the individual who requested or developed it.,Change Manager,As needed (per event),Preventive,IT-dependent manual,Yes,data/change_log.csv (approved changes implemented in FY2025),Approver ID differs from requester ID.,Compare requested_by to approved_by for each approved change; flag matches.
