change_id,system_id,change_type,description,requested_by,approved_by,approval_date,implementation_date,implemented_by,rollback_plan,status
CHG0030001,GL01,Normal,Update journal entry upload template validation,E11092,E10259,2024-12-26 13:00,2025-01-08 18:30,E10735,yes,Closed - Successful
CHG0030002,TMS,Normal,Modify cash positioning report,E10821,E10751,2024-12-30 10:00,2025-01-08 21:45,E10406,Y,Closed - Successful
CHG0030003,GL01,Standard,Add new cost center hierarchy,E11161,E11109,2024-12-27 14:00,2025-01-08 22:30,E10926,Y,Closed - Successful
CHG0030004,LSP,Emergency,Deploy payment posting hotfix,E10960,E10347,2025-01-10 13:00,2025-01-09 22:00,E10302,Yes,Closed - Successful
CHG0030005,LSP,Normal,Change escrow disbursement interface,E10642,E10259,2024-12-31 14:00,2025-01-10 20:30,E11044,Yes,Closed - Successful
CHG0030006,FCR,Normal,Patch eliminations report,E10990,E10489,2024-12-26 15:00,2025-01-10 20:30,E10468,Yes,Closed - Rolled Back
CHG0030007,TMS,Normal,Add new counterparty limit fields,E10933,E11109,2025-01-10 14:00,2025-01-13 18:30,E10566,Yes,Closed - Successful
CHG0030008,LSP,Normal,Upgrade servicing platform minor release,E10666,E10489,2025-01-03 14:00,2025-01-13 20:00,E10023,Yes,Closed - Successful
CHG0030009,GL01,Normal,Add new cost center hierarchy,E10666,E11202,2024-12-27 15:00,2025-01-13 21:15,E10757,Yes,Closed - Successful
CHG0030010,LSP,Normal,Update delinquency aging buckets,E11230,E11202,2025-01-10 12:00,2025-01-14 18:15,E10600,Yes,Closed - Rolled Back
CHG0030011,LSP,Normal,Adjust interest accrual calculation for ARM loans,E10990,E10259,2024-12-31 10:00,2025-01-14 19:30,E10639,Y,Closed - Successful
CHG0030012,FCR,Normal,Update consolidation mapping for new entity,E10856,E11109,2025-01-14 11:00,2025-01-14 21:45,E10135,Yes,Closed - Successful
CHG0030013,FCR,Standard,Patch eliminations report,E10856,E11109,2025-01-09 12:00,2025-01-15 18:00,E11028,yes,Closed - Successful
CHG0030014,LSP,Standard,Change escrow disbursement interface,E10203,E10489,2025-01-09 09:00,2025-01-15 22:00,E11215,Yes,Closed - Rolled Back
CHG0030015,FCR,Standard,Update consolidation mapping for new entity,E10768,E11202,2025-01-10 11:00,2025-01-15 22:30,E10600,Yes,Closed - Successful
CHG0030016,GL01,Standard,Add new cost center hierarchy,E10076,E10489,2025-01-09 09:00,2025-01-16 18:30,E11131,Yes,Closed - Successful
CHG0030017,TMS,Standard,Update bank statement import parser,E10345,E10489,2025-01-16 09:00,2025-01-16 20:45,E10279,Yes,Closed - Successful
CHG0030018,LSP,Normal,Update delinquency aging buckets,E10998,E10259,2025-01-09 09:00,2025-01-16 21:15,E10926,Y,Closed - Successful
CHG0030019,LSP,Normal,Change escrow disbursement interface,E10269,E10347,2025-01-09 14:00,2025-01-17 18:30,E11039,Yes,Closed - Successful
CHG0030020,LSP,Normal,Update delinquency aging buckets,E10900,E10751,2025-01-09 15:00,2025-01-17 19:00,E11014,Yes,Closed - Rolled Back
CHG0030021,FCR,Normal,Update XBRL tagging template,E10932,E10751,2025-01-17 11:00,2025-01-17 20:30,E10577,yes,Closed - Successful
CHG0030022,GL01,Normal,Update journal entry upload template validation,E10914,E10347,2025-01-07 16:00,2025-01-17 20:45,E10132,Y,Closed - Successful
CHG0030023,TMS,Normal,Add new counterparty limit fields,E11107,E10489,2025-01-07 11:00,2025-01-17 21:00,E10676,Y,Closed - Rolled Back
CHG0030024,FCR,Normal,Modify close checklist automation,E10666,E10347,2025-01-15 09:00,2025-01-17 21:30,E10624,Y,Closed - Successful
CHG0030025,LSP,Emergency,Update delinquency aging buckets,E10153,E10259,2025-01-06 11:00,2025-01-21 18:30,E10279,Yes,Closed - Successful
CHG0030026,LSP,Normal,Update delinquency aging buckets,E10900,,,2025-01-23 18:00,E11131,yes,Closed - Rolled Back
CHG0030027,GL01,Standard,Modify intercompany elimination rule,E10269,E10259,2025-01-14 16:00,2025-01-23 22:30,E10869,Yes,Closed - Successful
CHG0030028,TMS,Normal,Add new counterparty limit fields,E10821,E11109,2025-01-10 15:00,2025-01-24 18:45,E10639,Y,Closed - Successful
CHG0030029,GL01,Normal,Add new cost center hierarchy,E10727,E11109,2025-01-21 09:00,2025-01-24 19:30,E10307,Yes,Closed - Successful
CHG0030030,LSP,Normal,Update delinquency aging buckets,E10427,E10259,2025-01-24 11:00,2025-01-27 18:30,E10524,Y,Closed - Successful
CHG0030031,FCR,Normal,Patch eliminations report,E10077,E11202,2025-01-17 10:00,2025-01-27 18:45,E10376,Y,Closed - Successful
CHG0030032,GL01,Normal,Fix FX revaluation rounding,E10086,E10347,2025-01-16 15:00,2025-01-27 19:30,E10391,Yes,Closed - Successful
CHG0030033,LSP,Emergency,Modify loan boarding field mapping,E10469,E10489,2025-01-28 10:00,2025-01-27 22:15,E10963,yes,Closed - Successful
CHG0030034,GL01,Normal,Upgrade GL reporting module,E10269,E11109,2025-01-16 09:00,2025-01-28 18:00,E10302,No,Closed - Successful
CHG0030035,FCR,Normal,Update consolidation mapping for new entity,E10192,E10259,2025-01-22 13:00,2025-01-28 18:15,E11044,Yes,Closed - Successful
CHG0030036,GL01,Normal,Update journal entry upload template validation,E10856,E10347,2025-01-27 13:00,2025-01-28 19:15,E10284,Y,Closed - Successful
CHG0030037,GL01,Normal,Add new cost center hierarchy,E10933,E11202,2025-01-17 14:00,2025-01-28 21:30,E10284,Yes,Closed - Successful
CHG0030038,LSP,Normal,Update delinquency aging buckets,E10086,E10347,2025-01-27 09:00,2025-01-28 22:00,E10631,yes,Closed - Successful
CHG0030039,LSP,Normal,Upgrade servicing platform minor release,E11107,E10489,2025-01-27 15:00,2025-01-29 21:00,E10906,Yes,Closed - Successful
CHG0030040,LSP,Normal,Update delinquency aging buckets,E10269,E10751,2025-01-29 10:00,2025-01-29 22:30,E10628,yes,Closed - Successful
CHG0030041,LSP,Standard,Update delinquency aging buckets,E10933,E10259,2025-01-28 09:00,2025-01-30 18:00,E10441,Y,Closed - Successful
CHG0030042,GL01,Normal,Patch GL posting batch job,E10345,E11202,2025-01-28 14:00,2025-01-30 19:30,E10073,Yes,Closed - Successful
CHG0030043,LSP,Standard,Adjust interest accrual calculation for ARM loans,E11161,E11202,2025-01-28 10:00,2025-01-30 20:00,E10577,Yes,Closed - Rolled Back
CHG0030044,GL01,Emergency,Patch GL posting batch job,E10666,E10751,2025-02-03 10:00,2025-01-30 20:30,E10279,Y,Closed - Successful
CHG0030045,TMS,Normal,Update bank statement import parser,E10229,E10751,2025-01-22 16:00,2025-01-30 22:15,E11014,yes,Closed - Successful
CHG0030046,GL01,Normal,Add new cost center hierarchy,E10072,E10751,2025-01-23 09:00,2025-01-31 19:15,E10270,Yes,Closed - Successful
CHG0030047,FCR,Normal,Modify close checklist automation,E10269,E10751,2025-01-21 11:00,2025-01-31 20:30,E11210,Y,Closed - Successful
CHG0030048,LSP,Standard,Adjust interest accrual calculation for ARM loans,E10473,E10259,2025-01-30 16:00,2025-01-31 21:45,E10453,Yes,Closed - Successful
CHG0030049,GL01,Normal,Modify intercompany elimination rule,E10948,E10751,2025-01-27 13:00,2025-01-31 21:45,E10266,Yes,Closed - Rolled Back
CHG0030050,LSP,Normal,Modify loan boarding field mapping,E10768,E10347,2025-01-17 09:00,2025-01-31 22:00,E10337,yes,Closed - Successful
CHG0030051,FCR,Normal,Modify close checklist automation,E10727,E11109,2025-02-03 14:00,2025-02-03 18:00,E10410,Yes,Closed - Successful
CHG0030052,FCR,Normal,Update XBRL tagging template,E10076,E11109,2025-01-31 14:00,2025-02-03 19:30,E10279,yes,Closed - Successful
CHG0030053,GL01,Normal,Add new cost center hierarchy,E10029,E10347,2025-02-03 09:00,2025-02-05 19:45,E10132,Yes,Closed - Successful
CHG0030054,GL01,Normal,Update journal entry upload template validation,E11161,E10259,2025-01-27 11:00,2025-02-06 21:00,E10963,Yes,Closed - Successful
CHG0030055,FCR,Normal,Modify close checklist automation,E10690,E10259,2025-01-27 14:00,2025-02-06 21:45,E11250,Yes,Closed - Successful
CHG0030056,LSP,Normal,Modify loan boarding field mapping,E10768,E10489,2025-02-07 12:00,2025-02-07 20:15,E10521,Y,Closed - Successful
CHG0030057,LSP,Normal,Change escrow disbursement interface,E10768,E10489,2025-01-28 15:00,2025-02-11 19:45,E10561,yes,Closed - Successful
CHG0030058,TMS,Normal,Add new counterparty limit fields,E10642,E11109,2025-02-10 13:00,2025-02-11 20:30,E11131,Yes,Closed - Successful
CHG0030059,LSP,Normal,Modify loan boarding field mapping,E10610,E10347,2025-01-28 11:00,2025-02-11 21:15,E10566,yes,Closed - Successful
CHG0030060,GL01,Normal,Modify intercompany elimination rule,E10163,E10347,2025-01-30 15:00,2025-02-11 22:45,E10432,Yes,Closed - Successful
CHG0030061,FCR,Normal,Modify close checklist automation,E10153,,,2025-02-12 18:00,E10757,Y,Closed - Successful
CHG0030062,TMS,Standard,Modify cash positioning report,E10933,E10347,2025-01-31 12:00,2025-02-12 18:45,E10577,Yes,Closed - Successful
CHG0030063,FCR,Normal,Update consolidation mapping for new entity,E10086,E10259,2025-01-31 15:00,2025-02-12 19:15,E10566,Y,Closed - Successful
CHG0030064,GL01,Standard,Upgrade GL reporting module,E10163,E10259,2025-01-29 14:00,2025-02-12 20:30,E10561,yes,Closed - Successful
CHG0030065,GL01,Standard,Patch GL posting batch job,E10902,E10347,2025-02-12 09:00,2025-02-12 21:15,E10632,Yes,Closed - Successful
CHG0030066,GL01,Standard,Patch GL posting batch job,E10229,E10347,2025-02-05 10:00,2025-02-13 18:15,E10426,yes,Closed - Successful
CHG0030067,TMS,Emergency,Update bank statement import parser,E10087,E10259,2025-01-30 12:00,2025-02-13 18:30,E10090,yes,Closed - Successful
CHG0030068,TMS,Standard,Modify cash positioning report,E10163,E11202,2025-01-30 12:00,2025-02-13 18:45,E10040,yes,Closed - Successful
CHG0030069,FCR,Normal,Update consolidation mapping for new entity,E10690,E11202,2025-02-05 13:00,2025-02-13 19:30,E10714,Y,Closed - Successful
CHG0030070,GL01,Normal,Update journal entry upload template validation,E10856,E10347,2025-02-06 11:00,2025-02-13 21:45,E10630,Yes,Closed - Successful
CHG0030071,FCR,Standard,Update consolidation mapping for new entity,E10948,E10259,2025-02-13 11:00,2025-02-13 22:45,E10040,Yes,Closed - Successful
CHG0030072,GL01,Normal,Upgrade GL reporting module,E10932,E10347,2025-02-14 14:00,2025-02-14 18:00,E10890,Yes,Closed - Successful
CHG0030073,GL01,Standard,Add new cost center hierarchy,E10029,E10489,2025-02-06 09:00,2025-02-14 20:45,E10073,Y,Closed - Successful
CHG0030074,FCR,Normal,Update XBRL tagging template,E10788,E10751,2025-02-04 15:00,2025-02-14 22:00,E10631,yes,Closed - Successful
CHG0030075,GL01,Emergency,Upgrade GL reporting module,E10345,E10347,2025-02-12 15:00,2025-02-14 22:30,E10333,Yes,Closed - Successful
CHG0030076,TMS,Normal,Add new counterparty limit fields,E10469,E10259,2025-02-13 14:00,2025-02-18 19:00,E11168,Y,Closed - Successful
CHG0030077,GL01,Standard,Add new cost center hierarchy,E10960,E10259,2025-02-12 12:00,2025-02-18 20:45,E11210,Y,Closed - Successful
CHG0030078,GL01,Normal,Fix FX revaluation rounding,E10768,E10489,2025-02-07 15:00,2025-02-18 21:30,E11206,yes,Closed - Successful
CHG0030079,TMS,Normal,Add new counterparty limit fields,E10469,E11202,2025-02-12 13:00,2025-02-19 20:00,E11103,Yes,Closed - Successful
CHG0030080,GL01,Normal,Patch GL posting batch job,E10203,E10347,2025-02-07 13:00,2025-02-19 21:30,E11103,Yes,Closed - Successful
CHG0030081,GL01,Normal,Update journal entry upload template validation,E10192,E11202,2025-02-14 11:00,2025-02-20 22:45,E10126,Yes,Closed - Rolled Back
CHG0030082,LSP,Emergency,Adjust interest accrual calculation for ARM loans,E10821,E11202,2025-02-21 20:00,2025-02-21 19:00,E10426,Yes,Closed - Successful
CHG0030083,FCR,Normal,Patch eliminations report,E10192,E11109,2025-02-20 16:00,2025-02-21 19:45,E10073,Yes,Closed - Rolled Back
CHG0030084,LSP,Standard,Deploy payment posting hotfix,E10690,E10259,2025-02-14 14:00,2025-02-24 18:15,E10339,Yes,Closed - Successful
CHG0030085,GL01,Normal,Fix FX revaluation rounding,E10086,E10259,2025-02-11 13:00,2025-02-24 18:15,E10951,Y,Closed - Successful
CHG0030086,GL01,Normal,Patch GL posting batch job,E10932,E11202,2025-02-21 13:00,2025-02-24 19:45,E10566,Yes,Closed - Successful
CHG0030087,LSP,Normal,Modify loan boarding field mapping,E11230,E11109,2025-02-20 12:00,2025-02-24 19:45,E10561,yes,Closed - Successful
CHG0030088,GL01,Standard,Add new cost center hierarchy,E10285,E10489,2025-02-12 12:00,2025-02-25 19:30,E10810,Yes,Closed - Successful
CHG0030089,LSP,Normal,Deploy payment posting hotfix,E10029,E10347,2025-02-26 16:00,2025-02-25 22:00,E10126,Y,Closed - Successful
CHG0030090,LSP,Standard,Modify loan boarding field mapping,E11161,E10489,2025-02-13 13:00,2025-02-26 18:45,E11014,Yes,Closed - Successful
CHG0030091,FCR,Standard,Modify close checklist automation,E10427,E11202,2025-02-12 10:00,2025-02-26 21:00,E11044,Yes,Closed - Successful
CHG0030092,LSP,Emergency,Modify loan boarding field mapping,E10473,E10347,2025-02-28 15:00,2025-02-26 22:45,E10537,Y,Closed - Successful
CHG0030093,FCR,Normal,Patch eliminations report,E10427,E10751,2025-02-25 14:00,2025-02-27 18:30,E10828,yes,Closed - Successful
CHG0030094,GL01,Standard,Patch GL posting batch job,E10727,E10751,2025-02-27 10:00,2025-02-27 19:45,E10331,Y,Closed - Successful
CHG0030095,TMS,Normal,Update bank statement import parser,E10900,E10751,2025-02-12 14:00,2025-02-27 21:30,E10174,Yes,Closed - Successful
CHG0030096,FCR,Standard,Update XBRL tagging template,E10285,E10489,2025-02-19 09:00,2025-02-27 22:15,E10951,yes,Closed - Successful
CHG0030097,LSP,Normal,Modify loan boarding field mapping,E10932,E10347,2025-02-18 15:00,2025-02-28 18:15,E10115,No,Closed - Successful
CHG0030098,FCR,Normal,Modify close checklist automation,E10469,E10347,2025-02-26 11:00,2025-02-28 18:30,E10291,yes,Closed - Successful
CHG0030099,GL01,Standard,Patch GL posting batch job,E11230,E10259,2025-02-27 12:00,2025-02-28 19:00,E10217,Y,Closed - Successful
CHG0030100,GL01,Normal,Fix FX revaluation rounding,E10666,E10751,2025-02-13 12:00,2025-02-28 20:00,E10279,Yes,Closed - Successful
CHG0030101,LSP,Normal,Upgrade servicing platform minor release,E10690,E11202,2025-02-19 15:00,2025-02-28 21:30,E10279,Yes,Closed - Successful
CHG0030102,TMS,Normal,Add new counterparty limit fields,E10932,E10489,2025-02-20 10:00,2025-03-03 20:15,E10135,Yes,Closed - Successful
CHG0030103,FCR,Emergency,Update consolidation mapping for new entity,E10788,E10347,2025-03-05 14:00,2025-03-03 20:30,E10049,Yes,Closed - Successful
CHG0030104,LSP,Normal,Deploy payment posting hotfix,E10998,E10751,2025-02-24 16:00,2025-03-04 18:45,E10391,yes,Closed - Successful
CHG0030105,LSP,Normal,Upgrade servicing platform minor release,E10900,E11202,2025-02-28 16:00,2025-03-04 21:30,E11006,Y,Closed - Successful
CHG0030106,TMS,Normal,Modify cash positioning report,E10153,E10259,2025-02-21 16:00,2025-03-05 20:00,E10090,Y,Closed - Rolled Back
CHG0030107,GL01,Normal,Add new cost center hierarchy,E11240,E10259,2025-02-20 12:00,2025-03-05 20:15,E11210,Y,Closed - Successful
CHG0030108,GL01,Normal,Add new cost center hierarchy,E11240,E10259,2025-02-20 16:00,2025-03-06 20:00,E11206,yes,Closed - Successful
CHG0030109,TMS,Normal,Update bank statement import parser,E10990,E10751,2025-03-06 11:00,2025-03-07 18:00,E10355,Y,Closed - Successful
CHG0030110,GL01,Standard,Modify intercompany elimination rule,E10998,E10489,2025-03-13 13:00,2025-03-07 19:00,E10376,Y,Closed - Successful
CHG0030111,TMS,Normal,Patch wire approval workflow,E10948,E10259,2025-03-03 11:00,2025-03-07 19:30,E10115,Yes,Closed - Successful
CHG0030112,LSP,Normal,Upgrade servicing platform minor release,E10469,E10489,2025-03-07 13:00,2025-03-07 22:00,E11044,Yes,Closed - Successful
CHG0030113,TMS,Normal,Modify cash positioning report,E10087,E10751,2025-03-06 15:00,2025-03-07 22:00,E10441,Y,Closed - Successful
CHG0030114,TMS,Emergency,Add new counterparty limit fields,E10960,E10259,2025-03-10 20:15,2025-03-10 19:15,E10810,Yes,Closed - Successful
CHG0030115,LSP,Normal,Upgrade servicing platform minor release,E10642,E11202,2025-03-06 11:00,2025-03-10 20:00,E10847,Y,Closed - Successful
CHG0030116,LSP,Standard,Upgrade servicing platform minor release,E10285,E10259,2025-03-04 10:00,2025-03-11 18:45,E11014,yes,Closed - Successful
CHG0030117,LSP,Emergency,Adjust interest accrual calculation for ARM loans,E10427,E10751,2025-03-13 13:00,2025-03-11 22:00,E10135,Y,Closed - Successful
CHG0030118,GL01,Emergency,Update journal entry upload template validation,E10163,E10347,2025-03-04 09:00,2025-03-11 22:45,E11014,yes,Closed - Successful
CHG0030119,LSP,Standard,Modify loan boarding field mapping,E10285,E11202,2025-03-06 13:00,2025-03-12 20:30,E10566,yes,Closed - Successful
CHG0030120,GL01,Normal,Add new cost center hierarchy,E10153,E11202,2025-03-11 13:00,2025-03-13 18:00,E10337,Yes,Closed - Successful
CHG0030121,GL01,Standard,Patch GL posting batch job,E11107,E11202,2025-03-07 16:00,2025-03-13 22:15,E10847,Y,Closed - Successful
CHG0030122,LSP,Standard,Adjust interest accrual calculation for ARM loans,E10739,E10259,2025-03-03 11:00,2025-03-14 18:15,E10468,yes,Closed - Successful
CHG0030123,FCR,Normal,Modify close checklist automation,E10739,E11109,2025-03-11 13:00,2025-03-14 20:30,E10963,Yes,Closed - Successful
CHG0030124,TMS,Normal,Update bank statement import parser,E10203,E10259,2025-03-11 10:00,2025-03-14 20:30,E10391,Yes,Closed - Successful
CHG0030125,GL01,Normal,Upgrade GL reporting module,E10153,E11202,2025-03-12 16:00,2025-03-14 20:30,E10339,Yes,Closed - Successful
CHG0030126,FCR,Normal,Update XBRL tagging template,E10948,E10751,2025-03-06 14:00,2025-03-14 20:30,E10135,Yes,Closed - Successful
CHG0030127,FCR,Standard,Modify close checklist automation,E10739,E11109,2025-03-04 15:00,2025-03-14 22:00,E10958,Y,Closed - Successful
CHG0030128,LSP,Normal,Update delinquency aging buckets,E10072,E10347,2025-03-11 15:00,2025-03-14 22:30,E11210,Yes,Closed - Successful
CHG0030129,GL01,Normal,Update journal entry upload template validation,E10960,E10259,2025-03-03 14:00,2025-03-17 18:15,E10391,Yes,Closed - Successful
CHG0030130,FCR,Normal,Update consolidation mapping for new entity,E10345,E10751,2025-03-20 15:15,2025-03-17 21:15,E10331,Yes,Closed - Successful
CHG0030131,FCR,Normal,Modify close checklist automation,E10666,E10489,2025-03-11 13:00,2025-03-18 20:45,E10906,Yes,Closed - Successful
CHG0030132,LSP,Emergency,Modify loan boarding field mapping,E10473,E10751,2025-03-05 16:00,2025-03-19 19:00,E10676,Yes,Closed - Successful
CHG0030133,GL01,Normal,Modify intercompany elimination rule,E10788,E11109,2025-03-12 09:00,2025-03-19 20:15,E11044,yes,Closed - Successful
CHG0030134,GL01,Normal,Add new cost center hierarchy,E10469,E10259,2025-03-14 16:00,2025-03-19 22:30,E10869,Yes,Closed - Successful
CHG0030135,GL01,Standard,Patch GL posting batch job,E11107,E11109,2025-03-11 13:00,2025-03-21 18:15,E10266,yes,Closed - Successful
CHG0030136,TMS,Normal,Modify cash positioning report,E10948,E10259,2025-03-13 11:00,2025-03-21 19:15,E10951,Yes,Closed - Successful
CHG0030137,GL01,Normal,Patch GL posting batch job,E11078,E10347,2025-03-12 10:00,2025-03-21 19:30,E11215,Yes,Closed - Successful
CHG0030138,FCR,Standard,Update consolidation mapping for new entity,E10642,E10751,2025-03-14 09:00,2025-03-21 21:15,E10828,Yes,Closed - Successful
CHG0030139,TMS,Standard,Patch wire approval workflow,E10900,E10259,2025-03-21 14:00,2025-03-21 21:15,E10963,yes,Closed - Successful
CHG0030140,GL01,Standard,Update journal entry upload template validation,E10642,E10347,2025-03-17 11:00,2025-03-24 18:15,E10174,Yes,Closed - Successful
CHG0030141,GL01,Normal,Upgrade GL reporting module,E10727,E10347,2025-03-24 10:00,2025-03-24 22:15,E10890,Yes,Closed - Successful
CHG0030142,GL01,Standard,Add new cost center hierarchy,E10029,E11109,2025-03-12 14:00,2025-03-25 18:00,E11250,Yes,Closed - Successful
CHG0030143,LSP,Normal,Deploy payment posting hotfix,E10902,E10489,2025-03-19 12:00,2025-03-25 18:00,E11210,yes,Closed - Successful
CHG0030144,TMS,Standard,Update bank statement import parser,E10610,E11202,2025-03-12 12:00,2025-03-25 18:30,E10337,Yes,Closed - Successful
CHG0030145,LSP,Normal,Modify loan boarding field mapping,E10192,E11109,2025-03-21 10:00,2025-03-26 20:00,E10847,yes,Closed - Successful
CHG0030146,GL01,Normal,Upgrade GL reporting module,E10086,E10347,2025-03-20 10:00,2025-03-26 21:15,E10391,Yes,Closed - Successful
CHG0030147,GL01,Normal,Fix FX revaluation rounding,E10269,E11109,2025-03-18 15:00,2025-03-26 21:15,E10577,Yes,Closed - Successful
CHG0030148,LSP,Normal,Update delinquency aging buckets,E10998,E10259,2025-03-25 16:00,2025-03-27 19:30,E10279,Yes,Closed - Successful
CHG0030149,GL01,Normal,Add new cost center hierarchy,E10948,E10259,2025-04-01 16:30,2025-03-27 22:30,E11006,Yes,Closed - Successful
CHG0030150,FCR,Standard,Update consolidation mapping for new entity,E10163,E10751,2025-03-29 13:00,2025-03-28 19:00,E10628,Y,Closed - Successful
CHG0030151,LSP,Standard,Deploy payment posting hotfix,E10269,E11109,2025-03-14 11:00,2025-03-28 20:30,E10291,Yes,Closed - Successful
CHG0030152,LSP,Normal,Update delinquency aging buckets,E10076,E10489,2025-03-27 09:00,2025-03-28 22:15,E10279,Yes,Closed - Successful
CHG0030153,FCR,Normal,Patch eliminations report,E10077,E11109,2025-03-26 10:00,2025-03-28 22:15,E11197,Yes,Closed - Successful
CHG0030154,GL01,Standard,Patch GL posting batch job,E10642,E10347,2025-03-24 16:00,2025-03-28 22:15,E10714,yes,Closed - Rolled Back
CHG0030155,GL01,Normal,Fix FX revaluation rounding,E10087,E10489,2025-03-20 14:00,2025-03-31 20:15,E10714,yes,Closed - Successful
CHG0030156,GL01,Normal,Update journal entry upload template validation,E10902,E10259,2025-03-18 11:00,2025-04-01 19:30,E11206,Yes,Closed - Successful
CHG0030157,FCR,Normal,Update XBRL tagging template,E10029,E11202,2025-03-27 09:00,2025-04-01 19:30,E11210,Yes,Closed - Successful
CHG0030158,LSP,Normal,Modify loan boarding field mapping,E10153,E10751,2025-03-19 09:00,2025-04-02 18:00,E10631,Y,Closed - Successful
CHG0030159,LSP,Normal,Deploy payment posting hotfix,E11240,E10489,2025-03-28 16:00,2025-04-02 18:00,E10561,Yes,Closed - Successful
CHG0030160,LSP,Normal,Adjust interest accrual calculation for ARM loans,E11092,E10259,2025-03-24 16:00,2025-04-02 22:00,E11044,yes,Closed - Successful
CHG0030161,FCR,Standard,Update consolidation mapping for new entity,E10856,E10347,2025-03-20 13:00,2025-04-02 22:15,E10410,Yes,Closed - Successful
CHG0030162,LSP,Emergency,Modify loan boarding field mapping,E10768,E10751,2025-04-04 12:00,2025-04-02 22:15,E10984,yes,Closed - Successful
CHG0030163,FCR,Standard,Update consolidation mapping for new entity,E11161,E11109,2025-03-26 11:00,2025-04-02 22:30,E10005,Yes,Closed - Successful
CHG0030164,FCR,Normal,Update consolidation mapping for new entity,E10229,E11202,2025-03-21 11:00,2025-04-03 19:30,E10446,Y,Closed - Successful
CHG0030165,FCR,Standard,Patch eliminations report,E10856,E11109,2025-03-27 16:00,2025-04-03 21:00,E10211,Yes,Closed - Successful
CHG0030166,LSP,Normal,Deploy payment posting hotfix,E11240,E10489,2025-03-25 09:00,2025-04-03 21:45,E10441,N,Closed - Successful
CHG0030167,GL01,Normal,Fix FX revaluation rounding,E10727,E11109,2025-03-25 16:00,2025-04-04 21:00,E10480,Yes,Closed - Successful
CHG0030168,TMS,Emergency,Modify cash positioning report,E10690,E10751,2025-04-07 09:00,2025-04-05 21:30,E10958,Y,Closed - Successful
CHG0030169,GL01,Emergency,Fix FX revaluation rounding,E10914,E10751,2025-03-27 13:00,2025-04-07 21:30,E10073,Yes,Closed - Successful
CHG0030170,GL01,Normal,Fix FX revaluation rounding,E10821,E10751,2025-04-04 09:00,2025-04-07 22:15,E10049,No,Closed - Successful
CHG0030171,LSP,Normal,Update delinquency aging buckets,E10072,E11202,2025-03-25 12:00,2025-04-07 22:30,E11197,Y,Closed - Successful
CHG0030172,FCR,Normal,Modify close checklist automation,E10998,E11109,2025-03-27 09:00,2025-04-08 18:00,E10468,Yes,Closed - Successful
CHG0030173,FCR,Standard,Update XBRL tagging template,E10768,E11109,2025-04-08 11:00,2025-04-08 19:00,E11168,Yes,Closed - Successful
CHG0030174,GL01,Normal,Add new cost center hierarchy,E10427,E11109,2025-04-02 16:00,2025-04-08 19:00,E10331,yes,Closed - Successful
CHG0030175,LSP,Normal,Update delinquency aging buckets,E10690,E11109,2025-04-07 09:00,2025-04-08 20:45,E10441,Y,Closed - Successful
CHG0030176,LSP,Normal,Update delinquency aging buckets,E10727,E10259,2025-04-02 13:00,2025-04-08 22:00,E11014,Yes,Closed - Successful
CHG0030177,FCR,Standard,Patch eliminations report,E10788,E11109,2025-03-27 09:00,2025-04-09 18:15,E10890,yes,Closed - Rolled Back
CHG0030178,TMS,Normal,Add new counterparty limit fields,E10610,E10489,2025-04-08 11:00,2025-04-09 18:45,E11006,Yes,Closed - Successful
CHG0030179,GL01,Normal,Fix FX revaluation rounding,E10345,E11109,2025-03-28 16:00,2025-04-10 19:00,E10376,Yes,Closed - Successful
CHG0030180,TMS,Standard,Patch wire approval workflow,E10998,E10259,2025-04-02 10:00,2025-04-10 19:45,E10217,Yes,Closed - Successful
CHG0030181,LSP,Normal,Update delinquency aging buckets,E10821,E11202,2025-04-04 12:00,2025-04-10 22:45,E10339,Y,Closed - Successful
CHG0030182,LSP,Normal,Update delinquency aging buckets,E10666,E10751,2025-04-10 16:00,2025-04-11 19:45,E10302,Yes,Closed - Successful
CHG0030183,GL01,Normal,Modify intercompany elimination rule,E10727,E10751,2025-04-14 14:00,2025-04-14 20:45,E10468,Yes,Closed - Successful
CHG0030184,TMS,Emergency,Patch wire approval workflow,E10900,E11202,2025-04-16 15:00,2025-04-14 20:45,E10217,Yes,Closed - Successful
CHG0030185,LSP,Standard,Update delinquency aging buckets,E10086,E11202,2025-04-01 12:00,2025-04-14 21:45,E10600,Yes,Closed - Successful
CHG0030186,LSP,Standard,Adjust interest accrual calculation for ARM loans,E10932,E11202,2025-04-07 15:00,2025-04-15 18:15,E10600,Yes,Closed - Successful
CHG0030187,LSP,Emergency,Adjust interest accrual calculation for ARM loans,E10077,E10259,2025-04-23 11:00,2025-04-16 19:00,E10632,Yes,Closed - Successful
CHG0030188,GL01,Normal,Update journal entry upload template validation,E10788,E10489,2025-04-02 15:00,2025-04-16 21:00,E10757,yes,Closed - Successful
CHG0030189,GL01,Emergency,Add new cost center hierarchy,E11107,E10751,2025-04-11 10:00,2025-04-16 22:45,E11048,Y,Closed - Successful
CHG0030190,LSP,Standard,Modify loan boarding field mapping,E10933,E10489,2025-04-03 09:00,2025-04-17 18:15,E10406,Yes,Closed - Rolled Back
CHG0030191,LSP,Normal,Upgrade servicing platform minor release,E10076,E10347,2025-04-04 15:00,2025-04-17 19:00,E11033,Yes,Closed - Successful
CHG0030192,TMS,Normal,Modify cash positioning report,E10948,E11109,2025-04-03 16:00,2025-04-17 21:45,E10869,Yes,Closed - Rolled Back
CHG0030193,LSP,Normal,Deploy payment posting hotfix,E10932,E10259,2025-04-11 13:00,2025-04-21 19:15,E10537,Yes,Closed - Successful
CHG0030194,GL01,Standard,Upgrade GL reporting module,E10345,E10489,2025-04-10 12:00,2025-04-21 19:45,E10291,Y,Closed - Successful
CHG0030195,LSP,Normal,Modify loan boarding field mapping,E11161,E10347,2025-04-04 10:00,2025-04-21 21:45,E11115,Yes,Closed - Successful
CHG0030196,TMS,Normal,Add new counterparty limit fields,E10933,E10489,2025-04-09 10:00,2025-04-21 22:15,E10115,Yes,Closed - Successful
CHG0030197,TMS,Normal,Patch wire approval workflow,E10998,E10259,2025-04-15 11:00,2025-04-22 18:45,E10577,Y,Closed - Successful
CHG0030198,LSP,Normal,Upgrade servicing platform minor release,E10345,E11202,2025-04-15 12:00,2025-04-23 19:45,E10624,Yes,Closed - Successful
CHG0030199,GL01,Normal,Upgrade GL reporting module,E10727,E10347,2025-04-10 16:00,2025-04-23 22:00,E10174,yes,Closed - Successful
CHG0030200,GL01,Normal,Upgrade GL reporting module,E10990,E10259,2025-04-24 11:00,2025-04-24 21:15,E10115,Y,Closed - Successful
CHG0030201,GL01,Standard,Fix FX revaluation rounding,E10739,E10259,2025-04-22 10:00,2025-04-24 21:15,E10339,Yes,Closed - Successful
CHG0030202,LSP,Normal,Adjust interest accrual calculation for ARM loans,E10345,E10347,2025-04-23 15:00,2025-04-25 18:15,E10847,Yes,Closed - Successful
CHG0030203,FCR,Normal,Modify close checklist automation,E10998,E10259,2025-04-10 13:00,2025-04-25 18:30,E10630,Yes,Closed - Successful
CHG0030204,GL01,Normal,Update journal entry upload template validation,E10932,E10259,2025-04-22 16:00,2025-04-25 21:00,E10927,Y,Closed - Successful
CHG0030205,LSP,Normal,Upgrade servicing platform minor release,E10727,,,2025-04-25 21:45,E10174,Y,Closed - Successful
CHG0030206,LSP,Standard,Update delinquency aging buckets,E10029,E10259,2025-04-25 10:00,2025-04-28 19:45,E10333,yes,Closed - Successful
CHG0030207,GL01,Standard,Modify intercompany elimination rule,E10086,E11202,2025-04-25 09:00,2025-04-28 20:00,E10337,Y,Closed - Successful
CHG0030208,GL01,Normal,Add new cost center hierarchy,E10788,E11109,2025-04-25 13:00,2025-04-29 18:30,E10441,yes,Closed - Successful
CHG0030209,FCR,Normal,Modify close checklist automation,E10086,E11202,2025-04-17 11:00,2025-04-30 22:15,E10410,Yes,Closed - Rolled Back
CHG0030210,LSP,Normal,Adjust interest accrual calculation for ARM loans,E10900,E10259,2025-04-23 11:00,2025-05-01 19:15,E10453,Y,Closed - Successful
CHG0030211,LSP,Normal,Deploy payment posting hotfix,E10153,E10259,2025-04-21 14:00,2025-05-01 19:15,E10023,Yes,Closed - Successful
CHG0030212,TMS,Normal,Add new counterparty limit fields,E10739,E10751,2025-05-01 09:00,2025-05-01 22:15,E10513,Yes,Closed - Successful
CHG0030213,GL01,Standard,Patch GL posting batch job,E10727,E10347,2025-04-25 12:00,2025-05-01 22:15,E10049,Yes,Closed - Successful
CHG0030214,TMS,Normal,Patch wire approval workflow,E10285,E10751,2025-04-29 10:00,2025-05-02 18:00,E10453,Yes,Closed - Successful
CHG0030215,LSP,Normal,Update delinquency aging buckets,E10345,E10489,2025-04-21 14:00,2025-05-02 18:15,E10631,Yes,Closed - Successful
CHG0030216,GL01,Normal,Add new cost center hierarchy,E10229,E10751,2025-04-21 16:00,2025-05-05 18:45,E10073,Yes,Closed - Successful
CHG0030217,GL01,Normal,Update journal entry upload template validation,E10821,E10489,2025-04-23 16:00,2025-05-05 18:45,E10890,Yes,Closed - Successful
CHG0030218,LSP,Normal,Upgrade servicing platform minor release,E10192,E10259,2025-04-29 13:00,2025-05-05 19:00,E10628,Yes,Closed - Successful
CHG0030219,GL01,Normal,Modify intercompany elimination rule,E10163,E10751,2025-05-10 14:45,2025-05-05 20:45,E10735,Yes,Closed - Rolled Back
CHG0030220,TMS,Normal,Modify cash positioning report,E10821,E10751,2025-04-25 14:00,2025-05-06 18:15,E10279,yes,Closed - Successful
CHG0030221,LSP,Normal,Update delinquency aging buckets,E10902,E11109,2025-04-24 16:00,2025-05-06 20:00,E10174,Yes,Closed - Successful
CHG0030222,GL01,Emergency,Modify intercompany elimination rule,E10072,E10751,2025-05-07 16:00,2025-05-06 20:15,E10410,Yes,Closed - Successful
CHG0030223,GL01,Normal,Patch GL posting batch job,E10029,E10259,2025-04-25 13:00,2025-05-06 22:30,E11250,yes,Closed - Successful
CHG0030224,FCR,Standard,Update XBRL tagging template,E10610,E10347,2025-04-30 15:00,2025-05-07 19:00,E11115,Yes,Closed - Successful
CHG0030225,FCR,Standard,Patch eliminations report,E11078,E10489,2025-05-07 11:00,2025-05-07 20:45,E10073,Yes,Closed - Successful
CHG0030226,FCR,Standard,Update XBRL tagging template,E10642,E10489,2025-05-06 10:00,2025-05-07 22:15,E10049,Yes,Closed - Successful
CHG0030227,LSP,Standard,Update delinquency aging buckets,E10153,E10259,2025-05-06 14:00,2025-05-08 18:30,E11033,Y,Closed - Successful
CHG0030228,FCR,Normal,Patch eliminations report,E10727,E11109,2025-05-08 13:00,2025-05-08 22:45,E10735,Yes,Closed - Rolled Back
CHG0030229,LSP,Normal,Modify loan boarding field mapping,E10960,E11202,2025-04-25 16:00,2025-05-09 19:15,E10022,yes,Closed - Successful
CHG0030230,LSP,Normal,Modify loan boarding field mapping,E10739,E10489,2025-05-08 11:00,2025-05-09 19:30,E10537,Yes,Closed - Successful
CHG0030231,FCR,Standard,Update XBRL tagging template,E10345,E11109,2025-05-05 13:00,2025-05-09 22:15,E10279,Y,Closed - Successful
CHG0030232,LSP,Normal,Update delinquency aging buckets,E10727,E10489,2025-05-07 10:00,2025-05-12 19:30,E10600,Y,Closed - Successful
CHG0030233,TMS,Standard,Update bank statement import parser,E10739,E10751,2025-04-30 11:00,2025-05-12 19:30,E10639,Yes,Closed - Successful
CHG0030234,GL01,Standard,Patch GL posting batch job,E10345,E11202,2025-04-29 14:00,2025-05-12 21:15,E10441,Yes,Closed - Successful
CHG0030235,LSP,Standard,Adjust interest accrual calculation for ARM loans,E10727,E10489,2025-05-02 10:00,2025-05-13 19:30,E11206,Yes,Closed - Successful
CHG0030236,FCR,Normal,Patch eliminations report,E10788,E10489,2025-05-02 14:00,2025-05-13 22:00,E11039,Yes,Closed - Successful
CHG0030237,LSP,Normal,Modify loan boarding field mapping,E10427,E11109,2025-05-05 11:00,2025-05-14 19:00,E10624,Yes,Closed - Successful
CHG0030238,FCR,Normal,Patch eliminations report,E10473,E10259,2025-05-13 16:00,2025-05-14 20:15,E11197,Yes,Closed - Successful
CHG0030239,TMS,Normal,Add new counterparty limit fields,E10990,E10751,2025-05-12 14:00,2025-05-14 22:45,E10639,Yes,Closed - Successful
CHG0030240,LSP,Normal,Adjust interest accrual calculation for ARM loans,E10269,E10259,2025-05-15 09:00,2025-05-15 20:15,E10307,N,Closed - Rolled Back
CHG0030241,FCR,Normal,Update XBRL tagging template,E10933,E10751,2025-05-16 14:45,2025-05-15 20:45,E10135,Y,Closed - Successful
CHG0030242,LSP,Normal,Change escrow disbursement interface,E10821,E10259,2025-05-14 09:00,2025-05-15 20:45,E10331,Yes,Closed - Successful
CHG0030243,LSP,Standard,Change escrow disbursement interface,E10029,E10751,2025-05-12 11:00,2025-05-15 22:00,E10753,Yes,Closed - Successful
CHG0030244,LSP,Normal,Adjust interest accrual calculation for ARM loans,E10163,E10489,2025-05-19 10:00,2025-05-19 18:00,E10005,Y,Closed - Successful
CHG0030245,GL01,Emergency,Modify intercompany elimination rule,E10610,E10347,2025-05-08 13:00,2025-05-20 21:45,E11197,yes,Closed - Rolled Back
CHG0030246,LSP,Normal,Upgrade servicing platform minor release,E10933,E11202,2025-05-20 14:00,2025-05-20 22:45,E10135,Yes,Closed - Successful
CHG0030247,TMS,Normal,Update bank statement import parser,E10427,E10347,2025-05-20 12:00,2025-05-21 21:30,E11210,Yes,Closed - Successful
CHG0030248,GL01,Standard,Update journal entry upload template validation,E10900,E10259,2025-05-13 10:00,2025-05-21 22:00,E11210,Yes,Closed - Rolled Back
CHG0030249,LSP,Normal,Update delinquency aging buckets,E11230,E11109,2025-05-16 16:00,2025-05-22 18:15,E10446,Y,Closed - Successful
CHG0030250,GL01,Normal,Modify intercompany elimination rule,E11161,E10489,2025-05-19 11:00,2025-05-22 22:30,E10632,Y,Closed - Successful
CHG0030251,GL01,Standard,Add new cost center hierarchy,E11161,E11109,2025-05-16 16:00,2025-05-23 18:00,E10714,No,Closed - Successful
CHG0030252,GL01,Normal,Patch GL posting batch job,E10914,E11202,2025-05-13 16:00,2025-05-23 20:45,E10714,Yes,Closed - Successful
CHG0030253,GL01,Normal,Upgrade GL reporting module,E11092,E11109,2025-05-15 11:00,2025-05-27 20:45,E10376,yes,Closed - Successful
CHG0030254,LSP,Normal,Upgrade servicing platform minor release,E10473,E10347,2025-05-21 09:00,2025-05-27 22:30,E10391,yes,Closed - Successful
CHG0030255,LSP,Normal,Adjust interest accrual calculation for ARM loans,E10739,E11202,2025-05-28 10:00,2025-05-28 18:30,E10022,Yes,Closed - Successful
CHG0030256,GL01,Normal,Modify intercompany elimination rule,E10666,E11109,2025-05-19 10:00,2025-05-28 20:45,E10331,Yes,Closed - Successful
CHG0030257,GL01,Normal,Modify intercompany elimination rule,E10768,E11109,2025-05-23 16:00,2025-05-28 20:45,E10376,Yes,Closed - Successful
CHG0030258,GL01,Standard,Add new cost center hierarchy,E10473,E10489,2025-05-14 13:00,2025-05-29 22:45,E10468,Yes,Closed - Successful
CHG0030259,FCR,Standard,Update consolidation mapping for new entity,E10087,E10259,2025-05-20 13:00,2025-05-30 18:15,E10441,Y,Closed - Successful
CHG0030260,FCR,Normal,Update consolidation mapping for new entity,E10473,E11109,2025-05-23 13:00,2025-05-30 19:00,E11033,yes,Closed - Successful
CHG0030261,FCR,Normal,Update consolidation mapping for new entity,E10948,E10489,2025-05-28 16:00,2025-05-30 19:00,E10577,Yes,Closed - Successful
CHG0030262,TMS,Normal,Update bank statement import parser,E10203,E11109,2025-05-29 11:00,2025-05-30 20:00,E10446,yes,Closed - Successful
CHG0030263,TMS,Standard,Update bank statement import parser,E11230,E10751,2025-05-15 16:00,2025-05-30 21:45,E10810,Yes,Closed - Successful
CHG0030264,GL01,Normal,Add new cost center hierarchy,E10229,E10347,2025-05-22 14:00,2025-06-02 19:45,E10035,Y,Closed - Successful
CHG0030265,GL01,Standard,Fix FX revaluation rounding,E10960,E11202,2025-05-22 10:00,2025-06-03 18:00,E10927,Yes,Closed - Successful
CHG0030266,FCR,Normal,Modify close checklist automation,E10469,E10259,2025-05-23 14:00,2025-06-03 22:00,E10049,Y,Closed - Successful
CHG0030267,GL01,Standard,Modify intercompany elimination rule,E11161,E11109,2025-05-23 12:00,2025-06-03 22:15,E11219,yes,Closed - Successful
CHG0030268,FCR,Normal,Update XBRL tagging template,E10900,E10751,2025-06-04 11:00,2025-06-04 19:45,E10406,Yes,Closed - Rolled Back
CHG0030269,FCR,Normal,Update XBRL tagging template,E10163,E10751,2025-05-28 15:00,2025-06-04 20:45,E10810,N,Closed - Rolled Back
CHG0030270,TMS,Emergency,Update bank statement import parser,E10948,E10489,2025-05-21 12:00,2025-06-05 18:00,E10023,Yes,Closed - Successful
CHG0030271,LSP,Emergency,Change escrow disbursement interface,E10990,E11109,2025-06-09 09:00,2025-06-05 20:30,E10927,Yes,Closed - Successful
CHG0030272,FCR,Emergency,Modify close checklist automation,E10998,E11109,2025-06-05 13:00,2025-06-05 21:00,E11215,yes,Closed - Successful
CHG0030273,GL01,Standard,Upgrade GL reporting module,E11092,E10259,2025-05-28 10:00,2025-06-05 22:30,E11206,Yes,Closed - Rolled Back
CHG0030274,FCR,Normal,Patch eliminations report,E10469,E11109,2025-06-04 14:00,2025-06-09 18:00,E10126,Yes,Closed - Successful
CHG0030275,LSP,Normal,Change escrow disbursement interface,E10690,E11109,2025-06-03 15:00,2025-06-09 19:15,E10828,yes,Closed - Successful
CHG0030276,LSP,Normal,Update delinquency aging buckets,E10914,E10489,2025-05-23 09:00,2025-06-09 20:15,E10291,Y,Closed - Successful
CHG0030277,GL01,Emergency,Fix FX revaluation rounding,E10642,E10259,2025-06-10 13:00,2025-06-09 20:30,E10521,Yes,Closed - Successful
CHG0030278,LSP,Normal,Modify loan boarding field mapping,E10072,E10259,2025-05-30 16:00,2025-06-09 21:30,E10847,yes,Closed - Successful
CHG0030279,GL01,Normal,Patch GL posting batch job,E10900,E10347,2025-06-02 12:00,2025-06-10 19:45,E10090,Yes,Closed - Successful
CHG0030280,LSP,Standard,Adjust interest accrual calculation for ARM loans,E10990,E10489,2025-06-10 14:00,2025-06-11 18:00,E10337,Yes,Closed - Successful
CHG0030281,FCR,Normal,Update consolidation mapping for new entity,E10345,E11202,2025-06-10 13:00,2025-06-11 18:45,E11033,Yes,Closed - Rolled Back
CHG0030282,TMS,Standard,Modify cash positioning report,E10914,E10259,2025-06-09 12:00,2025-06-11 20:00,E10339,Yes,Closed - Successful
CHG0030283,TMS,Normal,Update bank statement import parser,E10900,E10489,2025-06-09 10:00,2025-06-11 21:45,E10480,Yes,Closed - Successful
CHG0030284,LSP,Normal,Update delinquency aging buckets,E10087,E10347,2025-06-04 13:00,2025-06-12 18:30,E10628,Yes,Closed - Successful
CHG0030285,FCR,Normal,Modify close checklist automation,E10086,E10259,2025-06-11 10:00,2025-06-12 19:00,E10263,Yes,Closed - Successful
CHG0030286,LSP,Standard,Upgrade servicing platform minor release,E10229,E10259,2025-06-12 16:00,2025-06-13 20:15,E10005,Yes,Closed - Successful
CHG0030287,TMS,Normal,Add new counterparty limit fields,E10821,E11202,2025-05-30 16:00,2025-06-13 21:00,E10577,Yes,Closed - Successful
CHG0030288,LSP,Normal,Update delinquency aging buckets,E10788,E10489,2025-06-02 13:00,2025-06-13 21:30,E10135,Y,Closed - Successful
CHG0030289,LSP,Normal,Adjust interest accrual calculation for ARM loans,E10163,E10347,2025-06-18 16:15,2025-06-13 22:15,E10958,yes,Closed - Successful
CHG0030290,TMS,Emergency,Modify cash positioning report,E10473,E10751,2025-06-11 12:00,2025-06-16 20:45,E11210,Yes,Closed - Successful
CHG0030291,FCR,Normal,Update consolidation mapping for new entity,E10900,E10489,2025-06-13 13:00,2025-06-17 18:30,E10753,Yes,Closed - Successful
CHG0030292,GL01,Standard,Patch GL posting batch job,E10788,E11109,2025-06-10 09:00,2025-06-17 18:30,E11039,Y,Closed - Successful
CHG0030293,FCR,Standard,Update XBRL tagging template,E11230,E10489,2025-06-13 12:00,2025-06-17 19:15,E10446,Yes,Closed - Successful
CHG0030294,GL01,Normal,Fix FX revaluation rounding,E10642,E10347,2025-06-05 13:00,2025-06-17 20:30,E10628,yes,Closed - Successful
CHG0030295,LSP,Emergency,Update delinquency aging buckets,E10087,E10347,2025-06-09 12:00,2025-06-18 19:15,E10307,yes,Closed - Successful
CHG0030296,TMS,Normal,Update bank statement import parser,E10666,E10489,2025-06-12 15:00,2025-06-18 21:45,E10576,yes,Closed - Successful
CHG0030297,GL01,Standard,Upgrade GL reporting module,E10077,E11202,2025-06-18 12:00,2025-06-20 19:45,E10513,Yes,Closed - Successful
CHG0030298,FCR,Standard,Modify close checklist automation,E11161,E10259,2025-06-11 11:00,2025-06-20 21:15,E10446,yes,Closed - Successful
CHG0030299,LSP,Normal,Adjust interest accrual calculation for ARM loans,E10821,E10347,2025-06-23 16:15,2025-06-20 22:15,E11206,Yes,Closed - Successful
CHG0030300,GL01,Normal,Modify intercompany elimination rule,E10269,E10489,2025-06-11 09:00,2025-06-23 22:45,E10115,Yes,Closed - Successful
CHG0030301,LSP,Normal,Adjust interest accrual calculation for ARM loans,E10642,E10489,2025-06-18 11:00,2025-06-24 18:15,E10524,Yes,Closed - Successful
CHG0030302,GL01,Normal,Update journal entry upload template validation,E11240,E11202,2025-06-17 10:00,2025-06-24 22:30,E10291,Yes,Closed - Successful
CHG0030303,LSP,Standard,Upgrade servicing platform minor release,E10229,E11109,2025-06-12 14:00,2025-06-25 19:00,E10524,Y,Closed - Successful
CHG0030304,FCR,Standard,Update consolidation mapping for new entity,E11240,E10489,2025-06-12 15:00,2025-06-25 20:00,E10468,Yes,Closed - Successful
CHG0030305,TMS,Normal,Modify cash positioning report,E10473,E10259,2025-06-11 12:00,2025-06-26 20:30,E10391,Yes,Closed - Successful
CHG0030306,FCR,Normal,Modify close checklist automation,E10768,E10347,2025-06-24 09:00,2025-06-27 19:15,E10951,Y,Closed - Successful
CHG0030307,LSP,Normal,Change escrow disbursement interface,E11230,E11202,2025-06-16 10:00,2025-06-30 18:30,E11039,Yes,Closed - Successful
CHG0030308,GL01,Normal,Modify intercompany elimination rule,E10900,E10489,2025-06-30 09:00,2025-06-30 18:45,E10376,Yes,Closed - Rolled Back
CHG0030309,LSP,Normal,Update delinquency aging buckets,E10072,E10259,2025-06-20 09:00,2025-06-30 22:30,E10441,yes,Closed - Successful
CHG0030310,FCR,Normal,Update consolidation mapping for new entity,E10914,,,2025-07-01 20:15,E10757,Yes,Closed - Successful
CHG0030311,TMS,Normal,Patch wire approval workflow,E10229,E10259,2025-06-26 12:00,2025-07-01 20:45,E10022,Yes,Closed - Successful
CHG0030312,FCR,Normal,Patch eliminations report,E10990,E10259,2025-07-01 14:00,2025-07-01 21:45,E10217,yes,Closed - Successful
CHG0030313,TMS,Normal,Modify cash positioning report,E11092,E10489,2025-06-25 11:00,2025-07-01 22:30,E10735,yes,Closed - Successful
CHG0030314,LSP,Normal,Adjust interest accrual calculation for ARM loans,E10077,E11202,2025-06-24 16:00,2025-07-02 18:00,E10270,Y,Closed - Successful
CHG0030315,LSP,Standard,Deploy payment posting hotfix,E10192,E11109,2025-06-30 11:00,2025-07-02 19:15,E10023,Y,Closed - Rolled Back
CHG0030316,LSP,Normal,Adjust interest accrual calculation for ARM loans,E10932,E10259,2025-06-26 14:00,2025-07-02 20:00,E10753,Yes,Closed - Successful
CHG0030317,GL01,Normal,Upgrade GL reporting module,E10469,E10751,2025-06-20 15:00,2025-07-02 21:00,E10951,Yes,Closed - Successful
CHG0030318,LSP,Normal,Deploy payment posting hotfix,E10072,E11202,2025-06-18 11:00,2025-07-02 21:15,E10927,Yes,Closed - Successful
CHG0030319,GL01,Normal,Add new cost center hierarchy,E10914,E10259,2025-06-27 11:00,2025-07-07 18:30,E11206,Yes,Closed - Successful
CHG0030320,GL01,Standard,Upgrade GL reporting module,E10076,E10751,2025-06-23 13:00,2025-07-07 19:30,E11044,Yes,Closed - Successful
CHG0030321,FCR,Standard,Update XBRL tagging template,E10072,E10489,2025-07-02 10:00,2025-07-07 21:30,E10337,Yes,Closed - Successful
CHG0030322,GL01,Normal,Modify intercompany elimination rule,E10473,E10489,2025-07-02 13:00,2025-07-08 18:15,E10828,Yes,Closed - Rolled Back
CHG0030323,LSP,Normal,Change escrow disbursement interface,E10768,E10751,2025-07-03 16:00,2025-07-08 19:15,E10631,Yes,Closed - Successful
CHG0030324,GL01,Normal,Upgrade GL reporting module,E11092,E10347,2025-06-27 11:00,2025-07-08 21:15,E10022,Yes,Closed - Successful
CHG0030325,GL01,Normal,Add new cost center hierarchy,E10990,E11109,2025-07-02 14:00,2025-07-09 20:00,E10561,Yes,Closed - Rolled Back
CHG0030326,FCR,Emergency,Patch eliminations report,E10998,E10489,2025-07-11 09:00,2025-07-09 21:45,E10810,Yes,Closed - Successful
CHG0030327,FCR,Normal,Patch eliminations report,E10087,E10259,2025-06-26 09:00,2025-07-11 20:00,E10480,Yes,Closed - Successful
CHG0030328,LSP,Standard,Modify loan boarding field mapping,E10427,E11202,2025-07-10 15:00,2025-07-15 18:45,E10266,Y,Closed - Successful
CHG0030329,FCR,Normal,Patch eliminations report,E10163,E11202,2025-07-08 09:00,2025-07-15 20:30,E11210,Yes,Closed - Successful
CHG0030330,GL01,Normal,Update journal entry upload template validation,E10072,E10347,2025-07-14 13:00,2025-07-15 21:30,E10753,Y,Closed - Successful
CHG0030331,TMS,Normal,Modify cash positioning report,E10086,E10489,2025-07-02 09:00,2025-07-16 20:30,E10566,Yes,Closed - Successful
CHG0030332,FCR,Normal,Patch eliminations report,E10072,E10347,2025-07-14 11:00,2025-07-16 21:15,E10132,Y,Closed - Successful
CHG0030333,GL01,Normal,Patch GL posting batch job,E10948,E10751,2025-07-08 14:00,2025-07-16 22:00,E10035,yes,Closed - Successful
CHG0030334,LSP,Normal,Update delinquency aging buckets,E10072,E10347,2025-07-02 14:00,2025-07-17 18:30,E10270,Yes,Closed - Rolled Back
CHG0030335,LSP,Normal,Deploy payment posting hotfix,E11092,E11202,2025-07-07 12:00,2025-07-17 20:00,E10355,Yes,Closed - Successful
CHG0030336,TMS,Normal,Update bank statement import parser,E11240,E10751,2025-07-10 16:00,2025-07-17 21:00,E10126,Yes,Closed - Successful
CHG0030337,LSP,Normal,Modify loan boarding field mapping,E11230,E11202,2025-07-18 10:00,2025-07-18 19:45,E10757,Yes,Closed - Successful
CHG0030338,LSP,Standard,Upgrade servicing platform minor release,E10285,E11202,2025-07-08 11:00,2025-07-21 20:45,E10639,Yes,Closed - Successful
CHG0030339,FCR,Standard,Patch eliminations report,E10998,E10751,2025-07-18 15:00,2025-07-21 20:45,E10631,yes,Closed - Successful
CHG0030340,FCR,Emergency,Modify close checklist automation,E11161,E11109,2025-07-22 09:00,2025-07-21 22:00,E10468,Y,Closed - Successful
CHG0030341,LSP,Normal,Change escrow disbursement interface,E10788,E11109,2025-07-21 12:00,2025-07-23 20:45,E10376,Yes,Closed - Successful
CHG0030342,TMS,Normal,Patch wire approval workflow,E10076,E10259,2025-07-22 15:00,2025-07-23 21:00,E10624,Yes,Closed - Successful
CHG0030343,GL01,Standard,Add new cost center hierarchy,E10269,E10259,2025-07-21 16:00,2025-07-24 20:15,E10090,Yes,Closed - Successful
CHG0030344,GL01,Emergency,Add new cost center hierarchy,E10998,E11109,2025-07-24 22:45,2025-07-24 21:45,E11168,yes,Closed - Successful
CHG0030345,GL01,Normal,Update journal entry upload template validation,E10285,E10489,2025-07-31 16:30,2025-07-24 22:30,E11206,Yes,Closed - Successful
CHG0030346,TMS,Normal,Patch wire approval workflow,E10153,E10347,2025-07-22 12:00,2025-07-24 22:45,E10561,Yes,Closed - Successful
CHG0030347,FCR,Normal,Modify close checklist automation,E10029,E10751,2025-07-24 13:00,2025-07-25 18:45,E10446,yes,Closed - Successful
CHG0030348,LSP,Standard,Update delinquency aging buckets,E10739,E10347,2025-07-17 15:00,2025-07-25 20:15,E10628,Yes,Closed - Successful
CHG0030349,GL01,Standard,Modify intercompany elimination rule,E10029,E11109,2025-07-16 13:00,2025-07-25 20:30,E10524,No,Closed - Successful
CHG0030350,TMS,Normal,Modify cash positioning report,E10990,E10489,2025-07-11 11:00,2025-07-25 21:45,E10126,Y,Closed - Successful
CHG0030351,TMS,Normal,Add new counterparty limit fields,E10077,E11202,2025-07-28 10:00,2025-07-28 21:15,E11115,Yes,Closed - Rolled Back
CHG0030352,LSP,Standard,Upgrade servicing platform minor release,E10203,E11109,2025-07-22 13:00,2025-07-28 22:15,E10406,yes,Closed - Successful
CHG0030353,LSP,Standard,Adjust interest accrual calculation for ARM loans,E10821,E11202,2025-07-23 15:00,2025-07-29 18:30,E10426,N,Closed - Successful
CHG0030354,LSP,Normal,Update delinquency aging buckets,E11078,E10347,2025-07-18 15:00,2025-07-29 20:00,E10384,yes,Closed - Successful
CHG0030355,GL01,Normal,Patch GL posting batch job,E10269,E10259,2025-07-16 11:00,2025-07-30 19:00,E10023,Y,Closed - Successful
CHG0030356,GL01,Emergency,Patch GL posting batch job,E11078,E10751,2025-07-30 10:00,2025-07-30 21:15,E11006,yes,Closed - Successful
CHG0030357,GL01,Standard,Update journal entry upload template validation,E10473,E10751,2025-07-31 12:00,2025-07-31 20:45,E10331,Y,Closed - Successful
CHG0030358,FCR,Standard,Modify close checklist automation,E10856,E10347,2025-08-05 15:30,2025-07-31 21:30,E10174,Yes,Closed - Successful
CHG0030359,GL01,Standard,Modify intercompany elimination rule,E10345,E11202,2025-07-18 14:00,2025-07-31 21:45,E10211,Yes,Closed - Successful
CHG0030360,GL01,Standard,Upgrade GL reporting module,E10690,E10347,2025-07-28 16:00,2025-08-01 19:00,E10639,Yes,Closed - Successful
CHG0030361,GL01,Standard,Upgrade GL reporting module,E10666,,,2025-08-01 19:00,E10217,Yes,Closed - Rolled Back
CHG0030362,GL01,Normal,Patch GL posting batch job,E10163,E10347,2025-07-18 16:00,2025-08-01 20:45,E10391,Yes,Closed - Successful
CHG0030363,FCR,Standard,Update XBRL tagging template,E11107,E10751,2025-07-23 12:00,2025-08-04 20:30,E10132,Yes,Closed - Successful
CHG0030364,FCR,Normal,Update consolidation mapping for new entity,E10933,E10347,2025-08-04 12:00,2025-08-04 21:00,E10410,Yes,Closed - Successful
CHG0030365,GL01,Normal,Fix FX revaluation rounding,E10469,E10751,2025-07-25 13:00,2025-08-05 18:15,E10810,Yes,Closed - Successful
CHG0030366,FCR,Standard,Modify close checklist automation,E11240,E10259,2025-08-04 14:00,2025-08-05 20:00,E11185,Yes,Closed - Successful
CHG0030367,GL01,Standard,Upgrade GL reporting module,E11107,E10489,2025-07-22 11:00,2025-08-05 21:30,E10810,Yes,Closed - Successful
CHG0030368,LSP,Normal,Upgrade servicing platform minor release,E10029,E10751,2025-08-01 16:00,2025-08-05 21:30,E10266,Y,Closed - Successful
CHG0030369,LSP,Standard,Update delinquency aging buckets,E10998,E10751,2025-08-01 10:00,2025-08-05 22:00,E10337,Yes,Closed - Successful
CHG0030370,LSP,Standard,Deploy payment posting hotfix,E11161,E10751,2025-07-29 09:00,2025-08-05 22:45,E10023,No,Closed - Successful
CHG0030371,LSP,Emergency,Modify loan boarding field mapping,E10914,E11202,2025-08-07 13:00,2025-08-06 19:30,E11028,Yes,Closed - Successful
CHG0030372,GL01,Standard,Patch GL posting batch job,E10768,E11109,2025-07-30 12:00,2025-08-06 19:45,E10291,Yes,Closed - Successful
CHG0030373,LSP,Normal,Update delinquency aging buckets,E10690,E10489,2025-08-04 10:00,2025-08-06 21:45,E11219,Y,Closed - Successful
CHG0030374,TMS,Standard,Update bank statement import parser,E11078,E11109,2025-07-30 09:00,2025-08-07 19:15,E10446,Y,Closed - Successful
CHG0030375,GL01,Normal,Patch GL posting batch job,E10900,E10489,2025-08-06 12:00,2025-08-07 22:00,E10446,Yes,Closed - Successful
CHG0030376,LSP,Normal,Change escrow disbursement interface,E10998,E11109,2025-08-04 15:00,2025-08-08 20:45,E10446,Y,Closed - Successful
CHG0030377,LSP,Normal,Deploy payment posting hotfix,E10960,E10347,2025-08-06 12:00,2025-08-11 21:00,E10022,Yes,Closed - Rolled Back
CHG0030378,FCR,Standard,Modify close checklist automation,E10642,E10347,2025-08-12 13:00,2025-08-12 18:00,E10217,Y,Closed - Successful
CHG0030379,LSP,Normal,Update delinquency aging buckets,E10285,E10347,2025-07-31 11:00,2025-08-12 18:45,E11185,Yes,Closed - Rolled Back
CHG0030380,GL01,Standard,Patch GL posting batch job,E10229,E11109,2025-08-07 09:00,2025-08-12 19:00,E10639,Yes,Closed - Successful
CHG0030381,LSP,Normal,Update delinquency aging buckets,E10427,E10489,2025-07-31 14:00,2025-08-12 21:00,E10337,Yes,Closed - Rolled Back
CHG0030382,FCR,Standard,Update XBRL tagging template,E10192,E11109,2025-08-11 11:00,2025-08-12 22:45,E11048,Yes,Closed - Successful
CHG0030383,GL01,Normal,Update journal entry upload template validation,E10821,E10489,2025-08-12 11:00,2025-08-13 18:00,E10753,Yes,Closed - Rolled Back
CHG0030384,FCR,Normal,Modify close checklist automation,E10902,E10489,2025-07-31 11:00,2025-08-13 18:30,E10847,yes,Closed - Successful
CHG0030385,LSP,Normal,Adjust interest accrual calculation for ARM loans,E10739,E10751,2025-07-30 14:00,2025-08-13 19:15,E10828,yes,Closed - Successful
CHG0030386,GL01,Normal,Patch GL posting batch job,E10610,E10347,2025-07-31 10:00,2025-08-13 19:45,E11014,Y,Closed - Successful
CHG0030387,TMS,Normal,Modify cash positioning report,E10427,E10259,2025-07-31 14:00,2025-08-13 21:30,E10217,No,Closed - Successful
CHG0030388,TMS,Normal,Update bank statement import parser,E10345,E10347,2025-08-06 13:00,2025-08-13 22:30,E10906,N,Closed - Successful
CHG0030389,GL01,Emergency,Add new cost center hierarchy,E10285,E11109,2025-08-13 23:45,2025-08-13 22:45,E11168,Yes,Closed - Successful
CHG0030390,LSP,Normal,Deploy payment posting hotfix,E10788,E10259,2025-08-06 12:00,2025-08-14 19:30,E10480,No,Closed - Successful
CHG0030391,GL01,Normal,Update journal entry upload template validation,E10345,E10259,2025-08-01 10:00,2025-08-14 21:45,E10132,Yes,Closed - Successful
CHG0030392,GL01,Normal,Update journal entry upload template validation,E10029,E10347,2025-08-13 16:00,2025-08-15 21:00,E10263,Y,Closed - Successful
CHG0030393,TMS,Normal,Patch wire approval workflow,E10163,E10489,2025-08-07 11:00,2025-08-15 21:30,E10270,Y,Closed - Successful
CHG0030394,FCR,Emergency,Modify close checklist automation,E10076,E10347,2025-08-15 15:00,2025-08-18 19:45,E10391,Yes,Closed - Successful
CHG0030395,LSP,Normal,Change escrow disbursement interface,E10087,E10751,2025-08-14 11:00,2025-08-18 21:45,E10561,No,Closed - Successful
CHG0030396,LSP,Standard,Deploy payment posting hotfix,E10856,E11109,2025-08-18 09:00,2025-08-18 22:30,E10676,Yes,Closed - Successful
CHG0030397,LSP,Normal,Adjust interest accrual calculation for ARM loans,E10932,E10489,2025-08-12 11:00,2025-08-19 18:30,E10810,Y,Closed - Successful
CHG0030398,GL01,Emergency,Upgrade GL reporting module,E10727,E11202,2025-08-21 15:00,2025-08-19 18:45,E10035,Yes,Closed - Successful
CHG0030399,GL01,Normal,Update journal entry upload template validation,E10473,E10259,2025-08-11 09:00,2025-08-19 21:15,E10446,Yes,Closed - Rolled Back
CHG0030400,FCR,Normal,Patch eliminations report,E10960,E10259,2025-08-08 16:00,2025-08-20 20:00,E11028,Y,Closed - Successful
CHG0030401,GL01,Standard,Add new cost center hierarchy,E10345,E10259,2025-08-14 13:00,2025-08-21 22:45,E10174,Y,Closed - Rolled Back
CHG0030402,GL01,Normal,Add new cost center hierarchy,E11092,E10347,2025-08-15 11:00,2025-08-22 19:15,E10753,yes,Closed - Successful
CHG0030403,LSP,Normal,Deploy payment posting hotfix,E10990,E11109,2025-08-15 12:00,2025-08-22 20:45,E10339,Yes,Closed - Successful
CHG0030404,GL01,Emergency,Patch GL posting batch job,E10473,E11109,2025-08-19 15:00,2025-08-25 21:30,E10005,Yes,Closed - Successful
CHG0030405,LSP,Normal,Modify loan boarding field mapping,E10900,E10489,2025-08-25 12:00,2025-08-25 22:30,E10639,Yes,Closed - Successful
CHG0030406,LSP,Standard,Modify loan boarding field mapping,E10900,E10751,2025-08-18 11:00,2025-08-26 18:00,E10339,Y,Closed - Successful
CHG0030407,TMS,Normal,Patch wire approval workflow,E11240,E11109,2025-08-15 12:00,2025-08-26 21:30,E10132,Yes,Closed - Successful
CHG0030408,TMS,Normal,Add new counterparty limit fields,E10914,E10347,2025-08-13 13:00,2025-08-27 20:00,E11044,Yes,Closed - Successful
CHG0030409,GL01,Standard,Add new cost center hierarchy,E10990,E10259,2025-08-20 15:00,2025-08-27 22:00,E10040,Yes,Closed - Successful
CHG0030410,GL01,Normal,Fix FX revaluation rounding,E10933,E10259,2025-08-19 09:00,2025-08-28 19:30,E10521,Yes,Closed - Successful
CHG0030411,LSP,Normal,Upgrade servicing platform minor release,E10690,E10259,2025-08-14 14:00,2025-08-28 21:00,E10426,yes,Closed - Successful
CHG0030412,GL01,Normal,Upgrade GL reporting module,E10163,E11109,2025-08-26 16:00,2025-08-28 21:00,E10040,yes,Closed - Successful
CHG0030413,TMS,Emergency,Add new counterparty limit fields,E10821,E10347,2025-08-28 22:15,2025-08-28 21:15,E10073,Yes,Closed - Rolled Back
CHG0030414,GL01,Normal,Add new cost center hierarchy,E10076,E10751,2025-08-22 10:00,2025-08-28 21:15,E10600,Yes,Closed - Successful
CHG0030415,LSP,Normal,Modify loan boarding field mapping,E10932,E10347,2025-08-18 15:00,2025-08-29 22:00,E10333,Yes,Closed - Successful
CHG0030416,FCR,Normal,Update consolidation mapping for new entity,E10285,E10751,2025-09-02 10:00,2025-09-02 19:30,E10630,yes,Closed - Rolled Back
CHG0030417,FCR,Normal,Update consolidation mapping for new entity,E11107,E10347,2025-08-20 15:00,2025-09-02 20:00,E10376,yes,Closed - Successful
CHG0030418,LSP,Normal,Change escrow disbursement interface,E10856,E10751,2025-09-02 09:00,2025-09-02 21:30,E10126,Yes,Closed - Successful
CHG0030419,GL01,Normal,Modify intercompany elimination rule,E10029,E10347,2025-08-27 09:00,2025-09-02 22:45,E11168,Yes,Closed - Successful
CHG0030420,GL01,Normal,Modify intercompany elimination rule,E10153,E11109,2025-08-20 12:00,2025-09-03 21:15,E10391,Yes,Closed - Successful
CHG0030421,GL01,Normal,Fix FX revaluation rounding,E10902,E10751,2025-09-02 15:00,2025-09-04 18:00,E10513,Y,Closed - Successful
CHG0030422,LSP,Standard,Modify loan boarding field mapping,E10153,E10751,2025-09-04 14:00,2025-09-04 19:30,E10676,N,Closed - Successful
CHG0030423,GL01,Standard,Fix FX revaluation rounding,E10948,E10259,2025-08-21 09:00,2025-09-04 20:30,E10600,Yes,Closed - Successful
CHG0030424,LSP,Normal,Adjust interest accrual calculation for ARM loans,E10914,E10489,2025-08-22 10:00,2025-09-04 21:00,E10333,No,Closed - Successful
CHG0030425,LSP,Normal,Modify loan boarding field mapping,E10727,,,2025-09-04 21:45,E10331,Yes,Closed - Successful
CHG0030426,LSP,Normal,Modify loan boarding field mapping,E11092,E11109,2025-08-29 09:00,2025-09-04 22:15,E10963,Yes,Closed - Successful
CHG0030427,TMS,Normal,Modify cash positioning report,E10427,E11109,2025-08-26 13:00,2025-09-05 20:30,E10406,Yes,Closed - Successful
CHG0030428,GL01,Normal,Fix FX revaluation rounding,E10821,E10751,2025-08-29 16:00,2025-09-05 21:00,E10951,Yes,Closed - Successful
CHG0030429,GL01,Normal,Update journal entry upload template validation,E11107,E10489,2025-08-26 10:00,2025-09-10 19:30,E10333,yes,Closed - Successful
CHG0030430,TMS,Normal,Update bank statement import parser,E10727,E10347,2025-09-03 12:00,2025-09-11 18:45,E10951,Yes,Closed - Successful
CHG0030431,LSP,Normal,Change escrow disbursement interface,E10192,E11109,2025-08-29 12:00,2025-09-11 20:00,E10628,Yes,Closed - Successful
CHG0030432,FCR,Normal,Update XBRL tagging template,E10203,E10489,2025-08-27 14:00,2025-09-11 20:30,E10468,Yes,Closed - Successful
CHG0030433,FCR,Standard,Patch eliminations report,E10473,E10751,2025-08-29 16:00,2025-09-12 18:30,E10333,Yes,Closed - Successful
CHG0030434,FCR,Emergency,Update XBRL tagging template,E10029,E10489,2025-09-12 19:45,2025-09-12 18:45,E11131,Yes,Closed - Successful
CHG0030435,GL01,Emergency,Patch GL posting batch job,E10076,E11202,2025-09-15 09:00,2025-09-12 19:30,E10984,Yes,Closed - Successful
CHG0030436,LSP,Normal,Deploy payment posting hotfix,E10933,E11202,2025-09-12 09:00,2025-09-15 19:45,E10384,yes,Closed - Successful
CHG0030437,FCR,Emergency,Modify close checklist automation,E10153,E10751,2025-09-08 11:00,2025-09-15 19:45,E10355,Y,Closed - Successful
CHG0030438,GL01,Normal,Patch GL posting batch job,E10690,E11202,2025-09-08 11:00,2025-09-15 21:15,E11197,Yes,Closed - Successful
CHG0030439,LSP,Emergency,Modify loan boarding field mapping,E10427,E10347,2025-09-11 16:00,2025-09-15 22:00,E10115,Yes,Closed - Successful
CHG0030440,FCR,Normal,Update consolidation mapping for new entity,E10768,E10347,2025-09-05 14:00,2025-09-16 20:30,E10630,Yes,Closed - Successful
CHG0030441,GL01,Normal,Add new cost center hierarchy,E11107,E10347,2025-09-12 12:00,2025-09-17 19:00,E11044,Yes,Closed - Successful
CHG0030442,FCR,Normal,Modify close checklist automation,E10077,E11109,2025-09-03 14:00,2025-09-17 19:30,E10628,Y,Closed - Successful
CHG0030443,TMS,Normal,Update bank statement import parser,E10932,E11202,2025-09-10 15:00,2025-09-17 20:30,E10270,Yes,Closed - Successful
CHG0030444,FCR,Normal,Update consolidation mapping for new entity,E11240,E11202,2025-09-10 12:00,2025-09-17 20:45,E10406,Y,Closed - Successful
CHG0030445,TMS,Standard,Add new counterparty limit fields,E10768,E10259,2025-09-17 14:00,2025-09-17 21:45,E10035,Y,Closed - Successful
CHG0030446,GL01,Normal,Patch GL posting batch job,E10900,E11109,2025-09-16 14:00,2025-09-18 18:00,E10963,Yes,Closed - Successful
CHG0030447,GL01,Standard,Patch GL posting batch job,E10427,E10259,2025-09-16 14:00,2025-09-18 20:15,E10890,Yes,Closed - Successful
CHG0030448,FCR,Normal,Update consolidation mapping for new entity,E10192,E11109,2025-09-18 14:00,2025-09-18 20:30,E10513,yes,Closed - Successful
CHG0030449,LSP,Normal,Deploy payment posting hotfix,E10203,E10751,2025-09-18 12:00,2025-09-19 19:45,E10331,Yes,Closed - Successful
CHG0030450,LSP,Normal,Change escrow disbursement interface,E10768,E11109,2025-09-18 12:00,2025-09-19 21:45,E11006,Y,Closed - Rolled Back
CHG0030451,GL01,Normal,Upgrade GL reporting module,E10163,E10347,2025-09-08 13:00,2025-09-19 22:15,E10890,yes,Closed - Successful
CHG0030452,LSP,Standard,Upgrade servicing platform minor release,E10666,E10347,2025-09-12 12:00,2025-09-22 20:00,E10174,Y,Closed - Successful
CHG0030453,TMS,Normal,Modify cash positioning report,E10345,E10751,2025-09-16 13:00,2025-09-22 22:45,E10266,Yes,Closed - Successful
CHG0030454,FCR,Normal,Update XBRL tagging template,E10163,E10347,2025-09-10 14:00,2025-09-24 18:30,E10521,N,Closed - Successful
CHG0030455,LSP,Normal,Adjust interest accrual calculation for ARM loans,E11092,E11109,2025-09-17 15:00,2025-09-24 20:00,E10023,yes,Closed - Successful
CHG0030456,FCR,Normal,Update XBRL tagging template,E10990,E11109,2025-09-15 16:00,2025-09-24 21:30,E10426,N,Closed - Successful
CHG0030457,GL01,Normal,Update journal entry upload template validation,E10932,E11109,2025-09-16 10:00,2025-09-25 20:15,E10958,Yes,Closed - Rolled Back
CHG0030458,GL01,Emergency,Fix FX revaluation rounding,E10856,E10489,2025-09-26 22:15,2025-09-26 21:15,E11048,Yes,Closed - Successful
CHG0030459,FCR,Standard,Patch eliminations report,E11078,E10259,2025-09-15 12:00,2025-09-29 18:45,E10355,yes,Closed - Successful
CHG0030460,GL01,Standard,Update journal entry upload template validation,E11078,E10259,2025-09-15 09:00,2025-09-29 20:15,E10049,Yes,Closed - Successful
CHG0030461,FCR,Normal,Modify close checklist automation,E10077,E10751,2025-09-26 11:00,2025-09-29 21:00,E10577,Y,Closed - Successful
CHG0030462,GL01,Standard,Update journal entry upload template validation,E10788,E11202,2025-09-29 16:00,2025-09-30 18:00,E10302,Yes,Closed - Successful
CHG0030463,LSP,Standard,Update delinquency aging buckets,E10153,E10489,2025-09-25 11:00,2025-09-30 22:15,E10035,Yes,Closed - Successful
CHG0030464,FCR,Normal,Update consolidation mapping for new entity,E10900,E10259,2025-09-30 13:00,2025-09-30 22:15,E10927,Yes,Closed - Successful
CHG0030465,LSP,Emergency,Modify loan boarding field mapping,E10914,E10259,2025-10-09 11:00,2025-10-01 21:30,E10958,Yes,Closed - Successful
CHG0030466,FCR,Emergency,Patch eliminations report,E10914,E11202,2025-10-02 15:00,2025-10-01 22:45,E10384,yes,Closed - Successful
CHG0030467,FCR,Standard,Modify close checklist automation,E10076,E11202,2025-10-03 12:00,2025-10-03 18:15,E10714,Y,Closed - Successful
CHG0030468,GL01,Standard,Add new cost center hierarchy,E11240,E10347,2025-09-30 14:00,2025-10-03 19:00,E10410,yes,Closed - Successful
CHG0030469,LSP,Normal,Adjust interest accrual calculation for ARM loans,E10610,E11202,2025-09-22 14:00,2025-10-03 19:15,E11103,Yes,Closed - Successful
CHG0030470,LSP,Normal,Update delinquency aging buckets,E10739,E10347,2025-09-25 10:00,2025-10-03 19:45,E10035,Yes,Closed - Successful
CHG0030471,GL01,Emergency,Patch GL posting batch job,E10948,E10489,2025-10-08 16:00,2025-10-06 21:30,E10847,Y,Closed - Successful
CHG0030472,LSP,Normal,Modify loan boarding field mapping,E10203,E11109,2025-10-16 13:30,2025-10-07 19:30,E11210,yes,Closed - Successful
CHG0030473,GL01,Emergency,Add new cost center hierarchy,E10076,E10259,2025-10-09 16:00,2025-10-07 20:00,E10468,Yes,Closed - Rolled Back
CHG0030474,LSP,Normal,Modify loan boarding field mapping,E10087,,,2025-10-08 19:00,E11215,Yes,Closed - Successful
CHG0030475,LSP,Normal,Update delinquency aging buckets,E10821,E10751,2025-09-26 14:00,2025-10-08 19:30,E10676,Y,Closed - Successful
CHG0030476,GL01,Normal,Upgrade GL reporting module,E10029,E10347,2025-09-26 10:00,2025-10-09 20:15,E10291,Yes,Closed - Successful
CHG0030477,FCR,Standard,Update consolidation mapping for new entity,E10203,E11109,2025-09-26 15:00,2025-10-09 20:45,E11103,yes,Closed - Successful
CHG0030478,FCR,Standard,Update XBRL tagging template,E10948,E10489,2025-10-07 15:00,2025-10-09 22:00,E10331,yes,Closed - Successful
CHG0030479,TMS,Standard,Update bank statement import parser,E10990,E10489,2025-09-29 14:00,2025-10-09 22:30,E10757,Y,Closed - Successful
CHG0030480,GL01,Normal,Modify intercompany elimination rule,E10427,E10751,2025-10-08 11:00,2025-10-10 18:15,E10628,Yes,Closed - Successful
CHG0030481,LSP,Normal,Modify loan boarding field mapping,E11092,E11109,2025-09-26 12:00,2025-10-10 18:15,E10174,Yes,Closed - Successful
CHG0030482,GL01,Standard,Add new cost center hierarchy,E10192,E11202,2025-10-16 12:30,2025-10-10 18:30,E10958,Y,Closed - Successful
CHG0030483,LSP,Normal,Change escrow disbursement interface,E10998,E11202,2025-10-06 10:00,2025-10-10 19:15,E10339,Yes,Closed - Successful
CHG0030484,GL01,Emergency,Modify intercompany elimination rule,E10229,E10489,2025-10-09 15:00,2025-10-13 18:15,E10284,Yes,Closed - Successful
CHG0030485,LSP,Standard,Upgrade servicing platform minor release,E10269,E10259,2025-10-03 16:00,2025-10-13 18:30,E10446,Yes,Closed - Rolled Back
CHG0030486,TMS,Normal,Update bank statement import parser,E10932,E11109,2025-10-08 11:00,2025-10-14 19:30,E10005,yes,Closed - Successful
CHG0030487,LSP,Normal,Modify loan boarding field mapping,E10914,E11202,2025-10-14 11:00,2025-10-14 20:30,E10847,Yes,Closed - Successful
CHG0030488,LSP,Normal,Modify loan boarding field mapping,E10727,E11202,2025-10-03 12:00,2025-10-14 21:30,E11210,Yes,Closed - Successful
CHG0030489,LSP,Normal,Update delinquency aging buckets,E10902,E10489,2025-10-14 13:00,2025-10-14 21:30,E11197,Y,Closed - Successful
CHG0030490,LSP,Standard,Change escrow disbursement interface,E10473,E11202,2025-10-08 09:00,2025-10-15 21:15,E10126,Yes,Closed - Successful
CHG0030491,FCR,Emergency,Modify close checklist automation,E10203,E10347,2025-10-15 12:00,2025-10-15 21:45,E10735,Yes,Closed - Successful
CHG0030492,FCR,Normal,Modify close checklist automation,E10932,E11109,2025-10-06 13:00,2025-10-15 22:00,E10628,yes,Closed - Successful
CHG0030493,FCR,Normal,Patch eliminations report,E10153,E10259,2025-10-06 13:00,2025-10-16 18:00,E10561,Yes,Closed - Successful
CHG0030494,FCR,Normal,Patch eliminations report,E10932,E10259,2025-10-03 13:00,2025-10-16 19:30,E10035,yes,Closed - Successful
CHG0030495,LSP,Normal,Update delinquency aging buckets,E10690,E10259,2025-10-16 12:00,2025-10-16 22:00,E10890,Yes,Closed - Successful
CHG0030496,GL01,Normal,Update journal entry upload template validation,E11161,E11109,2025-10-13 09:00,2025-10-16 22:45,E10307,Yes,Closed - Successful
CHG0030497,GL01,Standard,Fix FX revaluation rounding,E10727,E11202,2025-10-08 13:00,2025-10-17 19:15,E10073,Yes,Closed - Successful
CHG0030498,LSP,Standard,Change escrow disbursement interface,E11240,E10751,2025-10-03 09:00,2025-10-17 20:45,E11028,Yes,Closed - Successful
CHG0030499,LSP,Emergency,Upgrade servicing platform minor release,E11078,E11202,2025-10-20 15:00,2025-10-17 21:45,E10441,Y,Closed - Successful
CHG0030500,GL01,Standard,Modify intercompany elimination rule,E10076,E10347,2025-10-13 14:00,2025-10-20 18:15,E10426,No,Closed - Successful
CHG0030501,LSP,Emergency,Adjust interest accrual calculation for ARM loans,E10029,E11109,2025-10-30 11:00,2025-10-22 19:45,E11014,yes,Closed - Successful
CHG0030502,TMS,Standard,Patch wire approval workflow,E10768,E11109,2025-10-16 16:00,2025-10-22 21:15,E10135,Yes,Closed - Successful
CHG0030503,LSP,Normal,Upgrade servicing platform minor release,E10229,E10347,2025-10-17 09:00,2025-10-22 22:15,E11210,Yes,Closed - Successful
CHG0030504,LSP,Normal,Upgrade servicing platform minor release,E10902,E10347,2025-10-23 13:00,2025-10-23 18:00,E10757,Yes,Closed - Successful
CHG0030505,GL01,Emergency,Fix FX revaluation rounding,E10077,E10751,2025-10-30 11:00,2025-10-23 19:15,E10307,Yes,Closed - Successful
CHG0030506,GL01,Normal,Fix FX revaluation rounding,E10345,E10259,2025-10-15 11:00,2025-10-23 19:30,E10073,yes,Closed - Successful
CHG0030507,GL01,Normal,Upgrade GL reporting module,E10163,E11109,2025-10-15 16:00,2025-10-23 21:00,E10023,yes,Closed - Successful
CHG0030508,TMS,Normal,Update bank statement import parser,E10086,E10489,2025-10-20 12:00,2025-10-23 22:15,E10035,Yes,Closed - Successful
CHG0030509,TMS,Standard,Patch wire approval workflow,E10610,E10489,2025-10-13 16:00,2025-10-24 19:45,E10090,yes,Closed - Successful
CHG0030510,TMS,Standard,Update bank statement import parser,E10087,E10347,2025-10-17 13:00,2025-10-24 21:15,E10632,Yes,Closed - Successful
CHG0030511,LSP,Emergency,Change escrow disbursement interface,E10998,E10259,2025-10-27 16:00,2025-10-24 21:15,E10291,Yes,Closed - Successful
CHG0030512,FCR,Normal,Modify close checklist automation,E10932,E10489,2025-10-10 14:00,2025-10-24 22:30,E10566,Y,Closed - Successful
CHG0030513,LSP,Standard,Change escrow disbursement interface,E10642,,,2025-10-27 18:30,E10135,Y,Closed - Successful
CHG0030514,FCR,Standard,Patch eliminations report,E10642,E10347,2025-10-20 09:00,2025-10-27 18:30,E11006,Yes,Closed - Successful
CHG0030515,FCR,Normal,Update consolidation mapping for new entity,E10933,E11109,2025-10-15 10:00,2025-10-27 22:45,E10927,Yes,Closed - Successful
CHG0030516,FCR,Normal,Modify close checklist automation,E11240,E10751,2025-10-21 11:00,2025-10-28 20:15,E11185,Yes,Closed - Successful
CHG0030517,FCR,Standard,Modify close checklist automation,E10690,E10347,2025-10-17 10:00,2025-10-28 22:45,E10468,Yes,Closed - Successful
CHG0030518,LSP,Normal,Modify loan boarding field mapping,E10086,E10751,2025-10-27 15:00,2025-10-29 19:00,E10639,Y,Closed - Successful
CHG0030519,FCR,Normal,Update XBRL tagging template,E10077,E10347,2025-10-21 14:00,2025-10-29 21:30,E10927,Y,Closed - Successful
CHG0030520,LSP,Emergency,Upgrade servicing platform minor release,E10153,E11202,2025-10-27 15:00,2025-10-31 18:45,E10561,Yes,Closed - Successful
CHG0030521,LSP,Normal,Modify loan boarding field mapping,E10427,E11202,2025-10-31 12:00,2025-10-31 20:15,E10576,Y,Closed - Successful
CHG0030522,FCR,Normal,Modify close checklist automation,E10469,E10751,2025-10-21 16:00,2025-10-31 22:45,E10639,Yes,Closed - Successful
CHG0030523,LSP,Normal,Change escrow disbursement interface,E10914,E11202,2025-10-29 14:00,2025-11-03 18:45,E10631,Yes,Closed - Successful
CHG0030524,GL01,Normal,Add new cost center hierarchy,E10856,E10259,2025-10-24 16:00,2025-11-03 20:45,E10284,Y,Closed - Successful
CHG0030525,LSP,Normal,Update delinquency aging buckets,E10768,E11109,2025-11-03 12:00,2025-11-04 20:00,E10005,Y,Closed - Successful
CHG0030526,LSP,Normal,Upgrade servicing platform minor release,E10739,E10259,2025-11-04 11:00,2025-11-04 22:15,E11197,Y,Closed - Successful
CHG0030527,TMS,Normal,Modify cash positioning report,E10203,E10489,2025-10-28 14:00,2025-11-05 19:15,E10521,yes,Closed - Successful
CHG0030528,TMS,Emergency,Update bank statement import parser,E10269,E10259,2025-11-11 11:00,2025-11-05 19:30,E10331,Yes,Closed - Successful
CHG0030529,LSP,Normal,Deploy payment posting hotfix,E10914,E10751,2025-10-24 13:00,2025-11-06 18:00,E10302,yes,Closed - Successful
CHG0030530,LSP,Normal,Update delinquency aging buckets,E10642,E10347,2025-10-24 14:00,2025-11-06 21:15,E11250,Yes,Closed - Successful
CHG0030531,FCR,Normal,Update XBRL tagging template,E10948,E10347,2025-10-31 10:00,2025-11-06 21:30,E10284,yes,Closed - Successful
CHG0030532,TMS,Normal,Patch wire approval workflow,E10285,E11109,2025-10-23 16:00,2025-11-06 21:45,E10963,Y,Closed - Successful
CHG0030533,GL01,Normal,Add new cost center hierarchy,E10153,,,2025-11-07 20:15,E10441,Yes,Closed - Successful
CHG0030534,GL01,Normal,Patch GL posting batch job,E10902,E10347,2025-10-24 11:00,2025-11-07 22:15,E11185,yes,Closed - Successful
CHG0030535,GL01,Normal,Modify intercompany elimination rule,E10856,E10259,2025-11-10 13:00,2025-11-10 18:00,E10714,Yes,Closed - Successful
CHG0030536,FCR,Normal,Update XBRL tagging template,E10610,E10751,2025-10-31 12:00,2025-11-10 19:15,E10337,Yes,Closed - Successful
CHG0030537,LSP,Emergency,Upgrade servicing platform minor release,E10086,E10489,2025-10-30 13:00,2025-11-10 19:30,E11197,Y,Closed - Rolled Back
CHG0030538,FCR,Normal,Update XBRL tagging template,E10029,E10489,2025-11-05 14:00,2025-11-10 20:45,E10632,Y,Closed - Successful
CHG0030539,LSP,Normal,Deploy payment posting hotfix,E10960,E10751,2025-10-29 15:00,2025-11-11 18:00,E11210,Yes,Closed - Successful
CHG0030540,GL01,Normal,Fix FX revaluation rounding,E10998,E10489,2025-10-30 13:00,2025-11-11 18:45,E10630,Yes,Closed - Successful
CHG0030541,TMS,Emergency,Add new counterparty limit fields,E10933,E10347,2025-11-12 12:00,2025-11-11 19:15,E11197,Yes,Closed - Successful
CHG0030542,FCR,Normal,Patch eliminations report,E10610,E11202,2025-11-07 13:00,2025-11-11 19:45,E11206,yes,Closed - Successful
CHG0030543,GL01,Normal,Update journal entry upload template validation,E10666,E10259,2025-11-03 13:00,2025-11-11 20:00,E11014,yes,Closed - Successful
CHG0030544,GL01,Normal,Upgrade GL reporting module,E10948,E10751,2025-11-03 14:00,2025-11-12 19:15,E10005,Yes,Closed - Successful
CHG0030545,GL01,Normal,Fix FX revaluation rounding,E10666,E10489,2025-11-05 14:00,2025-11-12 20:15,E10630,Yes,Closed - Successful
CHG0030546,GL01,Normal,Modify intercompany elimination rule,E10998,E11109,2025-11-05 15:00,2025-11-12 21:30,E10302,yes,Closed - Successful
CHG0030547,GL01,Standard,Add new cost center hierarchy,E10990,E10751,2025-11-12 09:00,2025-11-12 22:15,E10631,Y,Closed - Successful
CHG0030548,GL01,Normal,Upgrade GL reporting module,E10666,E11109,2025-11-10 16:00,2025-11-12 22:30,E10951,No,Closed - Rolled Back
CHG0030549,FCR,Normal,Update consolidation mapping for new entity,E10473,E11109,2025-11-04 16:00,2025-11-12 22:30,E10576,Yes,Closed - Successful
CHG0030550,GL01,Normal,Add new cost center hierarchy,E10203,E10347,2025-10-29 09:00,2025-11-12 22:45,E10279,Yes,Closed - Successful
CHG0030551,FCR,Emergency,Update consolidation mapping for new entity,E10914,E10347,2025-11-14 12:00,2025-11-12 22:45,E10376,Yes,Closed - Successful
CHG0030552,GL01,Normal,Patch GL posting batch job,E10076,E10259,2025-11-04 11:00,2025-11-13 22:15,E10963,Yes,Closed - Successful
CHG0030553,GL01,Standard,Patch GL posting batch job,E10269,E10259,2025-11-14 11:00,2025-11-14 20:00,E10951,yes,Closed - Successful
CHG0030554,LSP,Normal,Upgrade servicing platform minor release,E11092,E10259,2025-11-13 14:00,2025-11-14 21:30,E10263,yes,Closed - Successful
CHG0030555,GL01,Emergency,Add new cost center hierarchy,E10087,E11109,2025-11-17 20:30,2025-11-17 19:30,E11115,Y,Closed - Successful
CHG0030556,LSP,Standard,Upgrade servicing platform minor release,E11161,E11109,2025-11-10 09:00,2025-11-17 22:30,E11115,Yes,Closed - Successful
CHG0030557,FCR,Normal,Patch eliminations report,E10163,E10751,2025-11-14 11:00,2025-11-18 19:45,E10927,Y,Closed - Successful
CHG0030558,GL01,Emergency,Patch GL posting batch job,E10269,E10347,2025-11-13 10:00,2025-11-18 21:00,E11197,Yes,Closed - Successful
CHG0030559,TMS,Normal,Modify cash positioning report,E10788,E11202,2025-11-11 16:00,2025-11-18 21:15,E10847,Y,Closed - Successful
CHG0030560,LSP,Normal,Upgrade servicing platform minor release,E10072,E11202,2025-11-14 13:00,2025-11-19 18:15,E10630,Yes,Closed - Successful
CHG0030561,LSP,Normal,Change escrow disbursement interface,E10948,E10489,2025-11-19 09:00,2025-11-19 19:45,E10023,Yes,Closed - Successful
CHG0030562,LSP,Normal,Adjust interest accrual calculation for ARM loans,E10153,E11109,2025-11-12 15:00,2025-11-19 20:45,E11048,yes,Closed - Rolled Back
CHG0030563,FCR,Normal,Modify close checklist automation,E10269,E10489,2025-11-17 14:00,2025-11-19 20:45,E10563,Yes,Closed - Successful
CHG0030564,FCR,Normal,Update consolidation mapping for new entity,E10933,E11109,2025-11-17 15:00,2025-11-19 22:15,E10890,Y,Closed - Successful
CHG0030565,GL01,Standard,Add new cost center hierarchy,E10642,E11202,2025-11-19 13:00,2025-11-24 18:15,E10049,No,Closed - Successful
CHG0030566,TMS,Standard,Modify cash positioning report,E10153,E11202,2025-11-20 11:00,2025-11-24 18:15,E10339,yes,Closed - Successful
CHG0030567,LSP,Normal,Deploy payment posting hotfix,E10029,E10751,2025-11-12 14:00,2025-11-25 18:15,E10384,Yes,Closed - Successful
CHG0030568,GL01,Standard,Fix FX revaluation rounding,E10086,E10259,2025-11-18 09:00,2025-11-25 19:45,E10951,Yes,Closed - Successful
CHG0030569,LSP,Normal,Upgrade servicing platform minor release,E10285,E10489,2025-11-29 16:30,2025-11-25 22:30,E11115,Yes,Closed - Successful
CHG0030570,LSP,Emergency,Modify loan boarding field mapping,E10727,E11109,2025-12-10 11:00,2025-11-26 20:30,E10926,Yes,Closed - Successful
CHG0030571,GL01,Normal,Fix FX revaluation rounding,E11161,E11109,2025-11-17 15:00,2025-11-26 21:15,E10735,Yes,Closed - Rolled Back
CHG0030572,GL01,Normal,Fix FX revaluation rounding,E10642,E11109,2025-11-19 15:00,2025-11-26 22:30,E10432,Yes,Closed - Successful
CHG0030573,FCR,Emergency,Update consolidation mapping for new entity,E10192,E10259,2025-11-20 16:00,2025-11-27 21:45,E10566,Yes,Closed - Successful
CHG0030574,LSP,Normal,Update delinquency aging buckets,E11107,E10347,2025-11-13 12:00,2025-11-28 20:00,E10406,Y,Closed - Successful
CHG0030575,LSP,Normal,Adjust interest accrual calculation for ARM loans,E10077,E11109,2025-11-20 12:00,2025-11-28 20:30,E11215,Yes,Closed - Successful
CHG0030576,TMS,Normal,Modify cash positioning report,E10153,E10347,2025-11-20 16:00,2025-12-01 21:00,E10302,Yes,Closed - Successful
CHG0030577,TMS,Normal,Patch wire approval workflow,E10990,E11202,2025-11-26 09:00,2025-12-01 22:45,E11103,Yes,Closed - Successful
CHG0030578,LSP,Normal,Modify loan boarding field mapping,E10469,E10259,2025-12-08 13:15,2025-12-02 19:15,E10005,Yes,Closed - Successful
CHG0030579,LSP,Normal,Change escrow disbursement interface,E10933,E10751,2025-11-18 13:00,2025-12-02 20:00,E10577,No,Closed - Successful
CHG0030580,LSP,Normal,Modify loan boarding field mapping,E10345,E11109,2025-12-03 09:00,2025-12-03 20:30,E10270,Y,Closed - Successful
CHG0030581,GL01,Normal,Modify intercompany elimination rule,E11230,E10489,2025-11-19 15:00,2025-12-03 20:45,E10284,Yes,Closed - Successful
CHG0030582,FCR,Normal,Update XBRL tagging template,E10914,E11109,2025-11-19 12:00,2025-12-04 19:45,E10090,Y,Closed - Successful
CHG0030583,GL01,Standard,Update journal entry upload template validation,E10666,E11202,2025-11-26 16:00,2025-12-04 21:45,E10115,Yes,Closed - Successful
CHG0030584,LSP,Normal,Modify loan boarding field mapping,E11240,E11202,2025-12-01 10:00,2025-12-05 19:45,E10384,Yes,Closed - Rolled Back
CHG0030585,GL01,Emergency,Patch GL posting batch job,E10345,E10259,2025-12-05 21:30,2025-12-05 20:30,E10537,Yes,Closed - Rolled Back
CHG0030586,LSP,Normal,Modify loan boarding field mapping,E11230,E10751,2025-12-05 10:00,2025-12-05 20:45,E10270,Y,Closed - Successful
CHG0030587,GL01,Normal,Patch GL posting batch job,E10163,E10751,2025-12-04 16:00,2025-12-05 22:00,E10576,Yes,Closed - Successful
CHG0030588,LSP,Normal,Update delinquency aging buckets,E10914,E10259,2025-11-21 09:00,2025-12-08 19:15,E10577,yes,Closed - Successful
CHG0030589,FCR,Normal,Patch eliminations report,E10087,E10751,2025-11-25 12:00,2025-12-08 21:15,E10279,Yes,Closed - Successful
CHG0030590,LSP,Emergency,Update delinquency aging buckets,E10203,E10489,2025-12-03 09:00,2025-12-08 22:45,E11014,yes,Closed - Successful
CHG0030591,FCR,Normal,Update XBRL tagging template,E10345,E10751,2025-11-28 11:00,2025-12-09 18:00,E10446,Yes,Closed - Successful
CHG0030592,TMS,Normal,Add new counterparty limit fields,E10076,E10347,2025-12-04 13:00,2025-12-09 18:45,E10563,Yes,Closed - Successful
CHG0030593,LSP,Standard,Deploy payment posting hotfix,E10788,E11109,2025-11-25 09:00,2025-12-09 20:45,E10270,yes,Closed - Successful
CHG0030594,TMS,Emergency,Add new counterparty limit fields,E10029,E10751,2025-11-26 14:00,2025-12-09 21:45,E10355,Yes,Closed - Successful
CHG0030595,TMS,Standard,Patch wire approval workflow,E10932,E11109,2025-12-08 10:00,2025-12-09 22:30,E11103,Yes,Closed - Successful
CHG0030596,FCR,Normal,Patch eliminations report,E10269,E10751,2025-12-21 14:15,2025-12-12 20:15,E10753,Yes,Closed - Successful
CHG0030597,FCR,Standard,Modify close checklist automation,E11078,E10489,2025-12-01 10:00,2025-12-12 20:30,E10355,yes,Closed - Successful
CHG0030598,TMS,Normal,Modify cash positioning report,E10856,E10751,2025-12-08 10:00,2025-12-12 20:45,E11210,Yes,Closed - Successful
CHG0030599,LSP,Normal,Deploy payment posting hotfix,E10427,E10751,2025-12-08 10:00,2025-12-12 21:00,E10537,Yes,Closed - Successful
CHG0030600,GL01,Standard,Upgrade GL reporting module,E10153,E10489,2025-12-09 16:00,2025-12-12 21:30,E10951,Y,Closed - Successful
CHG0030601,LSP,Normal,Deploy payment posting hotfix,E10229,E10489,2025-12-03 09:00,2025-12-15 20:30,E10631,Yes,Closed - Successful
CHG0030602,TMS,Standard,Patch wire approval workflow,E10076,E10259,2025-12-01 09:00,2025-12-15 22:00,E10302,yes,Closed - Successful
CHG0030603,GL01,Normal,Upgrade GL reporting module,E10153,E11202,2025-12-08 12:00,2025-12-16 19:00,E10217,yes,Closed - Successful
CHG0030604,GL01,Standard,Modify intercompany elimination rule,E10900,E10489,2025-12-12 11:00,2025-12-16 20:00,E10384,Yes,Closed - Successful
CHG0030605,LSP,Standard,Upgrade servicing platform minor release,E10427,E10347,2025-12-12 12:00,2025-12-16 20:15,E10135,Yes,Closed - Successful
CHG0030606,GL01,Normal,Add new cost center hierarchy,E10998,E10259,2025-12-15 14:00,2025-12-17 20:30,E10890,yes,Closed - Successful
CHG0030607,FCR,Normal,Update consolidation mapping for new entity,E10902,E11202,2025-12-10 11:00,2025-12-18 20:45,E11014,Yes,Closed - Successful
CHG0030608,GL01,Normal,Update journal entry upload template validation,E10900,E10751,2025-12-08 15:00,2025-12-18 21:00,E10307,Yes,Closed - Successful
CHG0030609,LSP,Normal,Update delinquency aging buckets,E10269,E11109,2025-12-12 16:00,2025-12-22 20:15,E11197,Yes,Closed - Successful
CHG0030610,LSP,Normal,Upgrade servicing platform minor release,E10269,E11109,2025-12-22 10:00,2025-12-22 20:30,E11033,Yes,Closed - Successful
CHG0030611,LSP,Standard,Change escrow disbursement interface,E11240,E10751,2025-12-22 13:00,2025-12-22 22:15,E10810,Y,Closed - Successful
CHG0030612,LSP,Normal,Update delinquency aging buckets,E10666,E11109,2025-12-19 11:00,2025-12-23 20:15,E11250,Yes,Closed - Successful
CHG0030613,TMS,Standard,Add new counterparty limit fields,E10076,E10259,2025-12-12 09:00,2025-12-23 22:30,E10628,Y,Closed - Successful
CHG0030614,FCR,Normal,Update consolidation mapping for new entity,E10788,,,2025-12-24 20:15,E10927,yes,Closed - Successful
CHG0030615,FCR,Normal,Update XBRL tagging template,E10933,E10347,2025-12-17 11:00,2025-12-24 20:30,E10926,Yes,Closed - Successful
CHG0030616,GL01,Standard,Add new cost center hierarchy,E10642,E10347,2025-12-11 12:00,2025-12-24 21:15,E10600,yes,Closed - Successful
CHG0030617,LSP,Normal,Deploy payment posting hotfix,E10469,E10751,2025-12-17 11:00,2025-12-26 20:30,E10958,Yes,Closed - Successful
CHG0030618,LSP,Standard,Update delinquency aging buckets,E10163,E10259,2025-12-15 16:00,2025-12-29 18:45,E10211,Yes,Closed - Successful
CHG0030619,GL01,Normal,Fix FX revaluation rounding,E11230,E11202,2025-12-24 14:00,2025-12-31 21:00,E11048,yes,Closed - Rolled Back
CHG0030620,LSP,Standard,Modify loan boarding field mapping,E10902,E10259,2025-12-24 16:00,2025-12-31 22:00,E10406,Yes,Closed - Successful
